m,TagName,
"2008-07-01 00:00:00","c#","3"
"2008-08-01 00:00:00","assembly","8"
"2008-08-01 00:00:00","c","83"
"2008-08-01 00:00:00","c#","505"
"2008-08-01 00:00:00","c++","164"
"2008-08-01 00:00:00","delphi","14"
"2008-08-01 00:00:00","java","222"
"2008-08-01 00:00:00","javascript","163"
"2008-08-01 00:00:00","perl","28"
"2008-08-01 00:00:00","php","158"
"2008-08-01 00:00:00","python","120"
"2008-08-01 00:00:00","ruby","70"
"2008-09-01 00:00:00","assembly","28"
"2008-09-01 00:00:00","c","320"
"2008-09-01 00:00:00","c#","1641"
"2008-09-01 00:00:00","c++","754"
"2008-09-01 00:00:00","delphi","104"
"2008-09-01 00:00:00","java","1129"
"2008-09-01 00:00:00","javascript","634"
"2008-09-01 00:00:00","perl","130"
"2008-09-01 00:00:00","php","475"
"2008-09-01 00:00:00","python","537"
"2008-09-01 00:00:00","r","6"
"2008-09-01 00:00:00","ruby","287"
"2008-10-01 00:00:00","assembly","16"
"2008-10-01 00:00:00","c","302"
"2008-10-01 00:00:00","c#","1988"
"2008-10-01 00:00:00","c++","807"
"2008-10-01 00:00:00","delphi","112"
"2008-10-01 00:00:00","java","1149"
"2008-10-01 00:00:00","javascript","722"
"2008-10-01 00:00:00","perl","128"
"2008-10-01 00:00:00","php","610"
"2008-10-01 00:00:00","python","506"
"2008-10-01 00:00:00","ruby","247"
"2008-11-01 00:00:00","assembly","16"
"2008-11-01 00:00:00","c","258"
"2008-11-01 00:00:00","c#","1731"
"2008-11-01 00:00:00","c++","734"
"2008-11-01 00:00:00","delphi","141"
"2008-11-01 00:00:00","java","956"
"2008-11-01 00:00:00","javascript","580"
"2008-11-01 00:00:00","perl","97"
"2008-11-01 00:00:00","php","499"
"2008-11-01 00:00:00","python","449"
"2008-11-01 00:00:00","r","1"
"2008-11-01 00:00:00","ruby","157"
"2008-12-01 00:00:00","assembly","17"
"2008-12-01 00:00:00","c","188"
"2008-12-01 00:00:00","c#","1595"
"2008-12-01 00:00:00","c++","631"
"2008-12-01 00:00:00","delphi","134"
"2008-12-01 00:00:00","java","826"
"2008-12-01 00:00:00","javascript","625"
"2008-12-01 00:00:00","perl","133"
"2008-12-01 00:00:00","php","477"
"2008-12-01 00:00:00","python","437"
"2008-12-01 00:00:00","r","1"
"2008-12-01 00:00:00","ruby","159"
"2009-01-01 00:00:00","assembly","22"
"2009-01-01 00:00:00","c","318"
"2009-01-01 00:00:00","c#","2375"
"2009-01-01 00:00:00","c++","848"
"2009-01-01 00:00:00","delphi","164"
"2009-01-01 00:00:00","java","1148"
"2009-01-01 00:00:00","javascript","790"
"2009-01-01 00:00:00","perl","147"
"2009-01-01 00:00:00","php","631"
"2009-01-01 00:00:00","python","631"
"2009-01-01 00:00:00","r","8"
"2009-01-01 00:00:00","ruby","205"
"2009-01-01 00:00:00","swift","1"
"2009-02-01 00:00:00","assembly","36"
"2009-02-01 00:00:00","c","331"
"2009-02-01 00:00:00","c#","2599"
"2009-02-01 00:00:00","c++","842"
"2009-02-01 00:00:00","delphi","167"
"2009-02-01 00:00:00","java","1203"
"2009-02-01 00:00:00","javascript","944"
"2009-02-01 00:00:00","perl","164"
"2009-02-01 00:00:00","php","758"
"2009-02-01 00:00:00","python","630"
"2009-02-01 00:00:00","r","8"
"2009-02-01 00:00:00","ruby","286"
"2009-02-01 00:00:00","swift","1"
"2009-03-01 00:00:00","assembly","24"
"2009-03-01 00:00:00","c","430"
"2009-03-01 00:00:00","c#","3156"
"2009-03-01 00:00:00","c++","1047"
"2009-03-01 00:00:00","delphi","161"
"2009-03-01 00:00:00","java","1430"
"2009-03-01 00:00:00","javascript","1007"
"2009-03-01 00:00:00","perl","137"
"2009-03-01 00:00:00","php","895"
"2009-03-01 00:00:00","python","764"
"2009-03-01 00:00:00","r","4"
"2009-03-01 00:00:00","ruby","329"
"2009-03-01 00:00:00","swift","1"
"2009-04-01 00:00:00","assembly","50"
"2009-04-01 00:00:00","c","456"
"2009-04-01 00:00:00","c#","3303"
"2009-04-01 00:00:00","c++","1018"
"2009-04-01 00:00:00","delphi","185"
"2009-04-01 00:00:00","java","1529"
"2009-04-01 00:00:00","javascript","1047"
"2009-04-01 00:00:00","perl","161"
"2009-04-01 00:00:00","php","959"
"2009-04-01 00:00:00","python","770"
"2009-04-01 00:00:00","r","12"
"2009-04-01 00:00:00","ruby","358"
"2009-05-01 00:00:00","assembly","46"
"2009-05-01 00:00:00","c","481"
"2009-05-01 00:00:00","c#","3549"
"2009-05-01 00:00:00","c++","1214"
"2009-05-01 00:00:00","delphi","202"
"2009-05-01 00:00:00","java","1814"
"2009-05-01 00:00:00","javascript","1429"
"2009-05-01 00:00:00","perl","196"
"2009-05-01 00:00:00","php","1175"
"2009-05-01 00:00:00","python","995"
"2009-05-01 00:00:00","r","2"
"2009-05-01 00:00:00","ruby","401"
"2009-05-01 00:00:00","swift","2"
"2009-06-01 00:00:00","assembly","48"
"2009-06-01 00:00:00","c","498"
"2009-06-01 00:00:00","c#","3880"
"2009-06-01 00:00:00","c++","1250"
"2009-06-01 00:00:00","delphi","221"
"2009-06-01 00:00:00","java","2111"
"2009-06-01 00:00:00","javascript","1552"
"2009-06-01 00:00:00","perl","246"
"2009-06-01 00:00:00","php","1574"
"2009-06-01 00:00:00","python","1044"
"2009-06-01 00:00:00","r","5"
"2009-06-01 00:00:00","ruby","431"
"2009-06-01 00:00:00","swift","1"
"2009-07-01 00:00:00","assembly","32"
"2009-07-01 00:00:00","c","538"
"2009-07-01 00:00:00","c#","4402"
"2009-07-01 00:00:00","c++","1465"
"2009-07-01 00:00:00","delphi","269"
"2009-07-01 00:00:00","java","2254"
"2009-07-01 00:00:00","javascript","1753"
"2009-07-01 00:00:00","perl","257"
"2009-07-01 00:00:00","php","2021"
"2009-07-01 00:00:00","python","1158"
"2009-07-01 00:00:00","r","50"
"2009-07-01 00:00:00","ruby","499"
"2009-08-01 00:00:00","assembly","48"
"2009-08-01 00:00:00","c","529"
"2009-08-01 00:00:00","c#","4446"
"2009-08-01 00:00:00","c++","1399"
"2009-08-01 00:00:00","delphi","246"
"2009-08-01 00:00:00","java","2186"
"2009-08-01 00:00:00","javascript","1856"
"2009-08-01 00:00:00","perl","248"
"2009-08-01 00:00:00","php","2176"
"2009-08-01 00:00:00","python","1131"
"2009-08-01 00:00:00","r","47"
"2009-08-01 00:00:00","ruby","484"
"2009-08-01 00:00:00","swift","3"
"2009-09-01 00:00:00","assembly","62"
"2009-09-01 00:00:00","c","573"
"2009-09-01 00:00:00","c#","4346"
"2009-09-01 00:00:00","c++","1462"
"2009-09-01 00:00:00","delphi","251"
"2009-09-01 00:00:00","java","2259"
"2009-09-01 00:00:00","javascript","1756"
"2009-09-01 00:00:00","perl","249"
"2009-09-01 00:00:00","php","2254"
"2009-09-01 00:00:00","python","1169"
"2009-09-01 00:00:00","r","138"
"2009-09-01 00:00:00","ruby","477"
"2009-09-01 00:00:00","swift","3"
"2009-10-01 00:00:00","assembly","73"
"2009-10-01 00:00:00","c","775"
"2009-10-01 00:00:00","c#","4724"
"2009-10-01 00:00:00","c++","1685"
"2009-10-01 00:00:00","delphi","254"
"2009-10-01 00:00:00","java","2499"
"2009-10-01 00:00:00","javascript","2046"
"2009-10-01 00:00:00","perl","282"
"2009-10-01 00:00:00","php","2351"
"2009-10-01 00:00:00","python","1416"
"2009-10-01 00:00:00","r","73"
"2009-10-01 00:00:00","ruby","493"
"2009-10-01 00:00:00","swift","1"
"2009-11-01 00:00:00","assembly","82"
"2009-11-01 00:00:00","c","956"
"2009-11-01 00:00:00","c#","4676"
"2009-11-01 00:00:00","c++","1746"
"2009-11-01 00:00:00","delphi","274"
"2009-11-01 00:00:00","go","65"
"2009-11-01 00:00:00","java","2759"
"2009-11-01 00:00:00","javascript","2234"
"2009-11-01 00:00:00","perl","322"
"2009-11-01 00:00:00","php","2676"
"2009-11-01 00:00:00","python","1551"
"2009-11-01 00:00:00","r","94"
"2009-11-01 00:00:00","ruby","654"
"2009-11-01 00:00:00","swift","3"
"2009-12-01 00:00:00","assembly","62"
"2009-12-01 00:00:00","c","849"
"2009-12-01 00:00:00","c#","4483"
"2009-12-01 00:00:00","c++","1652"
"2009-12-01 00:00:00","delphi","282"
"2009-12-01 00:00:00","go","11"
"2009-12-01 00:00:00","java","2685"
"2009-12-01 00:00:00","javascript","2305"
"2009-12-01 00:00:00","perl","261"
"2009-12-01 00:00:00","php","2818"
"2009-12-01 00:00:00","python","1584"
"2009-12-01 00:00:00","r","80"
"2009-12-01 00:00:00","ruby","572"
"2009-12-01 00:00:00","swift","1"
"2010-01-01 00:00:00","assembly","100"
"2010-01-01 00:00:00","c","977"
"2010-01-01 00:00:00","c#","5111"
"2010-01-01 00:00:00","c++","1994"
"2010-01-01 00:00:00","delphi","303"
"2010-01-01 00:00:00","go","15"
"2010-01-01 00:00:00","java","3722"
"2010-01-01 00:00:00","javascript","2626"
"2010-01-01 00:00:00","perl","301"
"2010-01-01 00:00:00","php","3426"
"2010-01-01 00:00:00","python","1946"
"2010-01-01 00:00:00","r","94"
"2010-01-01 00:00:00","ruby","684"
"2010-02-01 00:00:00","assembly","69"
"2010-02-01 00:00:00","c","1033"
"2010-02-01 00:00:00","c#","5093"
"2010-02-01 00:00:00","c++","2275"
"2010-02-01 00:00:00","delphi","283"
"2010-02-01 00:00:00","go","7"
"2010-02-01 00:00:00","java","3575"
"2010-02-01 00:00:00","javascript","2638"
"2010-02-01 00:00:00","perl","347"
"2010-02-01 00:00:00","php","3157"
"2010-02-01 00:00:00","python","1861"
"2010-02-01 00:00:00","r","122"
"2010-02-01 00:00:00","ruby","688"
"2010-02-01 00:00:00","swift","2"
"2010-03-01 00:00:00","assembly","123"
"2010-03-01 00:00:00","c","1113"
"2010-03-01 00:00:00","c#","6027"
"2010-03-01 00:00:00","c++","2433"
"2010-03-01 00:00:00","delphi","317"
"2010-03-01 00:00:00","go","8"
"2010-03-01 00:00:00","java","4437"
"2010-03-01 00:00:00","javascript","2989"
"2010-03-01 00:00:00","perl","390"
"2010-03-01 00:00:00","php","3735"
"2010-03-01 00:00:00","python","2069"
"2010-03-01 00:00:00","r","139"
"2010-03-01 00:00:00","ruby","693"
"2010-03-01 00:00:00","swift","1"
"2010-04-01 00:00:00","assembly","124"
"2010-04-01 00:00:00","c","1181"
"2010-04-01 00:00:00","c#","5773"
"2010-04-01 00:00:00","c++","2489"
"2010-04-01 00:00:00","delphi","271"
"2010-04-01 00:00:00","go","10"
"2010-04-01 00:00:00","java","3876"
"2010-04-01 00:00:00","javascript","3012"
"2010-04-01 00:00:00","perl","364"
"2010-04-01 00:00:00","php","3635"
"2010-04-01 00:00:00","python","1806"
"2010-04-01 00:00:00","r","160"
"2010-04-01 00:00:00","ruby","752"
"2010-04-01 00:00:00","swift","2"
"2010-05-01 00:00:00","assembly","108"
"2010-05-01 00:00:00","c","1179"
"2010-05-01 00:00:00","c#","5926"
"2010-05-01 00:00:00","c++","2415"
"2010-05-01 00:00:00","delphi","280"
"2010-05-01 00:00:00","go","17"
"2010-05-01 00:00:00","java","4166"
"2010-05-01 00:00:00","javascript","3231"
"2010-05-01 00:00:00","perl","286"
"2010-05-01 00:00:00","php","3978"
"2010-05-01 00:00:00","python","2008"
"2010-05-01 00:00:00","r","139"
"2010-05-01 00:00:00","ruby","775"
"2010-05-01 00:00:00","swift","1"
"2010-06-01 00:00:00","assembly","90"
"2010-06-01 00:00:00","c","1153"
"2010-06-01 00:00:00","c#","6140"
"2010-06-01 00:00:00","c++","2824"
"2010-06-01 00:00:00","delphi","329"
"2010-06-01 00:00:00","go","15"
"2010-06-01 00:00:00","java","4276"
"2010-06-01 00:00:00","javascript","3477"
"2010-06-01 00:00:00","perl","409"
"2010-06-01 00:00:00","php","4076"
"2010-06-01 00:00:00","python","2201"
"2010-06-01 00:00:00","r","176"
"2010-06-01 00:00:00","ruby","850"
"2010-06-01 00:00:00","swift","3"
"2010-07-01 00:00:00","assembly","97"
"2010-07-01 00:00:00","c","1284"
"2010-07-01 00:00:00","c#","6676"
"2010-07-01 00:00:00","c++","2676"
"2010-07-01 00:00:00","delphi","334"
"2010-07-01 00:00:00","go","8"
"2010-07-01 00:00:00","java","4508"
"2010-07-01 00:00:00","javascript","3879"
"2010-07-01 00:00:00","perl","435"
"2010-07-01 00:00:00","php","4589"
"2010-07-01 00:00:00","python","2584"
"2010-07-01 00:00:00","r","233"
"2010-07-01 00:00:00","ruby","910"
"2010-07-01 00:00:00","swift","1"
"2010-08-01 00:00:00","assembly","86"
"2010-08-01 00:00:00","c","1364"
"2010-08-01 00:00:00","c#","6958"
"2010-08-01 00:00:00","c++","2629"
"2010-08-01 00:00:00","delphi","353"
"2010-08-01 00:00:00","go","13"
"2010-08-01 00:00:00","java","4699"
"2010-08-01 00:00:00","javascript","4000"
"2010-08-01 00:00:00","perl","547"
"2010-08-01 00:00:00","php","5116"
"2010-08-01 00:00:00","python","2490"
"2010-08-01 00:00:00","r","283"
"2010-08-01 00:00:00","ruby","994"
"2010-08-01 00:00:00","swift","2"
"2010-09-01 00:00:00","assembly","117"
"2010-09-01 00:00:00","c","1371"
"2010-09-01 00:00:00","c#","6407"
"2010-09-01 00:00:00","c++","2726"
"2010-09-01 00:00:00","delphi","319"
"2010-09-01 00:00:00","go","9"
"2010-09-01 00:00:00","java","4709"
"2010-09-01 00:00:00","javascript","4002"
"2010-09-01 00:00:00","perl","460"
"2010-09-01 00:00:00","php","4687"
"2010-09-01 00:00:00","python","2249"
"2010-09-01 00:00:00","r","236"
"2010-09-01 00:00:00","ruby","935"
"2010-09-01 00:00:00","swift","2"
"2010-10-01 00:00:00","assembly","123"
"2010-10-01 00:00:00","c","1439"
"2010-10-01 00:00:00","c#","6728"
"2010-10-01 00:00:00","c++","2929"
"2010-10-01 00:00:00","delphi","361"
"2010-10-01 00:00:00","go","13"
"2010-10-01 00:00:00","java","5017"
"2010-10-01 00:00:00","javascript","4106"
"2010-10-01 00:00:00","perl","498"
"2010-10-01 00:00:00","php","4498"
"2010-10-01 00:00:00","python","2671"
"2010-10-01 00:00:00","r","214"
"2010-10-01 00:00:00","ruby","925"
"2010-10-01 00:00:00","swift","1"
"2010-11-01 00:00:00","assembly","164"
"2010-11-01 00:00:00","c","1674"
"2010-11-01 00:00:00","c#","7309"
"2010-11-01 00:00:00","c++","3366"
"2010-11-01 00:00:00","delphi","390"
"2010-11-01 00:00:00","go","16"
"2010-11-01 00:00:00","java","5589"
"2010-11-01 00:00:00","javascript","4542"
"2010-11-01 00:00:00","perl","464"
"2010-11-01 00:00:00","php","5099"
"2010-11-01 00:00:00","python","2604"
"2010-11-01 00:00:00","r","241"
"2010-11-01 00:00:00","ruby","927"
"2010-11-01 00:00:00","swift","1"
"2010-12-01 00:00:00","assembly","125"
"2010-12-01 00:00:00","c","1468"
"2010-12-01 00:00:00","c#","7097"
"2010-12-01 00:00:00","c++","3129"
"2010-12-01 00:00:00","delphi","321"
"2010-12-01 00:00:00","go","18"
"2010-12-01 00:00:00","java","5668"
"2010-12-01 00:00:00","javascript","4955"
"2010-12-01 00:00:00","perl","500"
"2010-12-01 00:00:00","php","5375"
"2010-12-01 00:00:00","python","2473"
"2010-12-01 00:00:00","r","223"
"2010-12-01 00:00:00","ruby","1022"
"2010-12-01 00:00:00","swift","2"
"2011-01-01 00:00:00","assembly","134"
"2011-01-01 00:00:00","c","1458"
"2011-01-01 00:00:00","c#","7978"
"2011-01-01 00:00:00","c++","3485"
"2011-01-01 00:00:00","delphi","368"
"2011-01-01 00:00:00","go","15"
"2011-01-01 00:00:00","java","6527"
"2011-01-01 00:00:00","javascript","5417"
"2011-01-01 00:00:00","perl","477"
"2011-01-01 00:00:00","php","6403"
"2011-01-01 00:00:00","python","2894"
"2011-01-01 00:00:00","r","249"
"2011-01-01 00:00:00","ruby","1201"
"2011-01-01 00:00:00","swift","4"
"2011-02-01 00:00:00","assembly","146"
"2011-02-01 00:00:00","c","1633"
"2011-02-01 00:00:00","c#","8210"
"2011-02-01 00:00:00","c++","3436"
"2011-02-01 00:00:00","delphi","358"
"2011-02-01 00:00:00","go","16"
"2011-02-01 00:00:00","java","6857"
"2011-02-01 00:00:00","javascript","5589"
"2011-02-01 00:00:00","perl","481"
"2011-02-01 00:00:00","php","6687"
"2011-02-01 00:00:00","python","3008"
"2011-02-01 00:00:00","r","322"
"2011-02-01 00:00:00","ruby","1246"
"2011-02-01 00:00:00","swift","5"
"2011-03-01 00:00:00","assembly","192"
"2011-03-01 00:00:00","c","2108"
"2011-03-01 00:00:00","c#","9977"
"2011-03-01 00:00:00","c++","4172"
"2011-03-01 00:00:00","delphi","515"
"2011-03-01 00:00:00","go","3"
"2011-03-01 00:00:00","java","8458"
"2011-03-01 00:00:00","javascript","6763"
"2011-03-01 00:00:00","perl","604"
"2011-03-01 00:00:00","php","8078"
"2011-03-01 00:00:00","python","3742"
"2011-03-01 00:00:00","r","422"
"2011-03-01 00:00:00","ruby","1638"
"2011-03-01 00:00:00","swift","3"
"2011-04-01 00:00:00","assembly","159"
"2011-04-01 00:00:00","c","2033"
"2011-04-01 00:00:00","c#","9266"
"2011-04-01 00:00:00","c++","4162"
"2011-04-01 00:00:00","delphi","401"
"2011-04-01 00:00:00","go","7"
"2011-04-01 00:00:00","java","7889"
"2011-04-01 00:00:00","javascript","6877"
"2011-04-01 00:00:00","perl","550"
"2011-04-01 00:00:00","php","7628"
"2011-04-01 00:00:00","python","3332"
"2011-04-01 00:00:00","r","476"
"2011-04-01 00:00:00","ruby","1475"
"2011-04-01 00:00:00","swift","3"
"2011-05-01 00:00:00","assembly","158"
"2011-05-01 00:00:00","c","1822"
"2011-05-01 00:00:00","c#","9995"
"2011-05-01 00:00:00","c++","3875"
"2011-05-01 00:00:00","delphi","473"
"2011-05-01 00:00:00","go","36"
"2011-05-01 00:00:00","java","8555"
"2011-05-01 00:00:00","javascript","7308"
"2011-05-01 00:00:00","perl","581"
"2011-05-01 00:00:00","php","8074"
"2011-05-01 00:00:00","python","3513"
"2011-05-01 00:00:00","r","426"
"2011-05-01 00:00:00","ruby","1564"
"2011-05-01 00:00:00","swift","1"
"2011-06-01 00:00:00","assembly","139"
"2011-06-01 00:00:00","c","1761"
"2011-06-01 00:00:00","c#","9735"
"2011-06-01 00:00:00","c++","3805"
"2011-06-01 00:00:00","delphi","453"
"2011-06-01 00:00:00","go","34"
"2011-06-01 00:00:00","java","7879"
"2011-06-01 00:00:00","javascript","7672"
"2011-06-01 00:00:00","perl","567"
"2011-06-01 00:00:00","php","8008"
"2011-06-01 00:00:00","python","3461"
"2011-06-01 00:00:00","r","443"
"2011-06-01 00:00:00","ruby","1558"
"2011-06-01 00:00:00","swift","4"
"2011-07-01 00:00:00","assembly","141"
"2011-07-01 00:00:00","c","1655"
"2011-07-01 00:00:00","c#","9587"
"2011-07-01 00:00:00","c++","3847"
"2011-07-01 00:00:00","delphi","428"
"2011-07-01 00:00:00","go","26"
"2011-07-01 00:00:00","java","8141"
"2011-07-01 00:00:00","javascript","8099"
"2011-07-01 00:00:00","perl","658"
"2011-07-01 00:00:00","php","8649"
"2011-07-01 00:00:00","python","3651"
"2011-07-01 00:00:00","r","453"
"2011-07-01 00:00:00","ruby","1582"
"2011-07-01 00:00:00","swift","12"
"2011-08-01 00:00:00","assembly","159"
"2011-08-01 00:00:00","c","1823"
"2011-08-01 00:00:00","c#","10036"
"2011-08-01 00:00:00","c++","3951"
"2011-08-01 00:00:00","delphi","422"
"2011-08-01 00:00:00","go","40"
"2011-08-01 00:00:00","java","8659"
"2011-08-01 00:00:00","javascript","8886"
"2011-08-01 00:00:00","perl","611"
"2011-08-01 00:00:00","php","8892"
"2011-08-01 00:00:00","python","3814"
"2011-08-01 00:00:00","r","586"
"2011-08-01 00:00:00","ruby","1856"
"2011-08-01 00:00:00","swift","8"
"2011-09-01 00:00:00","assembly","155"
"2011-09-01 00:00:00","c","1913"
"2011-09-01 00:00:00","c#","9280"
"2011-09-01 00:00:00","c++","3934"
"2011-09-01 00:00:00","delphi","414"
"2011-09-01 00:00:00","go","26"
"2011-09-01 00:00:00","java","8303"
"2011-09-01 00:00:00","javascript","8170"
"2011-09-01 00:00:00","perl","500"
"2011-09-01 00:00:00","php","8031"
"2011-09-01 00:00:00","python","3507"
"2011-09-01 00:00:00","r","612"
"2011-09-01 00:00:00","ruby","1543"
"2011-09-01 00:00:00","swift","6"
"2011-10-01 00:00:00","assembly","211"
"2011-10-01 00:00:00","c","2138"
"2011-10-01 00:00:00","c#","9196"
"2011-10-01 00:00:00","c++","4337"
"2011-10-01 00:00:00","delphi","464"
"2011-10-01 00:00:00","go","40"
"2011-10-01 00:00:00","java","8541"
"2011-10-01 00:00:00","javascript","8010"
"2011-10-01 00:00:00","perl","555"
"2011-10-01 00:00:00","php","8034"
"2011-10-01 00:00:00","python","3610"
"2011-10-01 00:00:00","r","620"
"2011-10-01 00:00:00","ruby","1606"
"2011-10-01 00:00:00","swift","6"
"2011-11-01 00:00:00","assembly","211"
"2011-11-01 00:00:00","c","2194"
"2011-11-01 00:00:00","c#","9876"
"2011-11-01 00:00:00","c++","4470"
"2011-11-01 00:00:00","delphi","507"
"2011-11-01 00:00:00","go","65"
"2011-11-01 00:00:00","java","9616"
"2011-11-01 00:00:00","javascript","8655"
"2011-11-01 00:00:00","perl","605"
"2011-11-01 00:00:00","php","8650"
"2011-11-01 00:00:00","python","3871"
"2011-11-01 00:00:00","r","605"
"2011-11-01 00:00:00","ruby","1736"
"2011-11-01 00:00:00","swift","4"
"2011-12-01 00:00:00","assembly","228"
"2011-12-01 00:00:00","c","2002"
"2011-12-01 00:00:00","c#","9298"
"2011-12-01 00:00:00","c++","4349"
"2011-12-01 00:00:00","delphi","571"
"2011-12-01 00:00:00","go","52"
"2011-12-01 00:00:00","java","9166"
"2011-12-01 00:00:00","javascript","8311"
"2011-12-01 00:00:00","perl","538"
"2011-12-01 00:00:00","php","8305"
"2011-12-01 00:00:00","python","3614"
"2011-12-01 00:00:00","r","614"
"2011-12-01 00:00:00","ruby","1680"
"2011-12-01 00:00:00","swift","2"
"2012-01-01 00:00:00","assembly","169"
"2012-01-01 00:00:00","c","2227"
"2012-01-01 00:00:00","c#","10388"
"2012-01-01 00:00:00","c++","4534"
"2012-01-01 00:00:00","delphi","510"
"2012-01-01 00:00:00","go","37"
"2012-01-01 00:00:00","java","10110"
"2012-01-01 00:00:00","javascript","9574"
"2012-01-01 00:00:00","perl","561"
"2012-01-01 00:00:00","php","9269"
"2012-01-01 00:00:00","python","4194"
"2012-01-01 00:00:00","r","690"
"2012-01-01 00:00:00","ruby","1896"
"2012-01-01 00:00:00","swift","6"
"2012-02-01 00:00:00","assembly","231"
"2012-02-01 00:00:00","c","2403"
"2012-02-01 00:00:00","c#","10723"
"2012-02-01 00:00:00","c++","5094"
"2012-02-01 00:00:00","delphi","472"
"2012-02-01 00:00:00","go","31"
"2012-02-01 00:00:00","java","10913"
"2012-02-01 00:00:00","javascript","9957"
"2012-02-01 00:00:00","perl","613"
"2012-02-01 00:00:00","php","9874"
"2012-02-01 00:00:00","python","4485"
"2012-02-01 00:00:00","r","811"
"2012-02-01 00:00:00","ruby","2039"
"2012-02-01 00:00:00","swift","9"
"2012-03-01 00:00:00","assembly","261"
"2012-03-01 00:00:00","c","2719"
"2012-03-01 00:00:00","c#","11558"
"2012-03-01 00:00:00","c++","5219"
"2012-03-01 00:00:00","delphi","495"
"2012-03-01 00:00:00","go","47"
"2012-03-01 00:00:00","java","12342"
"2012-03-01 00:00:00","javascript","10663"
"2012-03-01 00:00:00","perl","607"
"2012-03-01 00:00:00","php","10828"
"2012-03-01 00:00:00","python","5023"
"2012-03-01 00:00:00","r","888"
"2012-03-01 00:00:00","ruby","2184"
"2012-03-01 00:00:00","swift","4"
"2012-04-01 00:00:00","assembly","277"
"2012-04-01 00:00:00","c","2663"
"2012-04-01 00:00:00","c#","11094"
"2012-04-01 00:00:00","c++","5291"
"2012-04-01 00:00:00","delphi","482"
"2012-04-01 00:00:00","go","69"
"2012-04-01 00:00:00","java","11991"
"2012-04-01 00:00:00","javascript","10651"
"2012-04-01 00:00:00","perl","598"
"2012-04-01 00:00:00","php","10368"
"2012-04-01 00:00:00","python","4909"
"2012-04-01 00:00:00","r","839"
"2012-04-01 00:00:00","ruby","1963"
"2012-04-01 00:00:00","swift","5"
"2012-05-01 00:00:00","assembly","227"
"2012-05-01 00:00:00","c","2480"
"2012-05-01 00:00:00","c#","11556"
"2012-05-01 00:00:00","c++","4982"
"2012-05-01 00:00:00","delphi","480"
"2012-05-01 00:00:00","go","69"
"2012-05-01 00:00:00","java","12160"
"2012-05-01 00:00:00","javascript","11509"
"2012-05-01 00:00:00","perl","642"
"2012-05-01 00:00:00","php","10903"
"2012-05-01 00:00:00","python","5084"
"2012-05-01 00:00:00","r","874"
"2012-05-01 00:00:00","ruby","1974"
"2012-05-01 00:00:00","swift","6"
"2012-06-01 00:00:00","assembly","200"
"2012-06-01 00:00:00","c","2307"
"2012-06-01 00:00:00","c#","11306"
"2012-06-01 00:00:00","c++","4643"
"2012-06-01 00:00:00","delphi","417"
"2012-06-01 00:00:00","go","72"
"2012-06-01 00:00:00","java","11087"
"2012-06-01 00:00:00","javascript","11215"
"2012-06-01 00:00:00","perl","740"
"2012-06-01 00:00:00","php","10533"
"2012-06-01 00:00:00","python","5266"
"2012-06-01 00:00:00","r","973"
"2012-06-01 00:00:00","ruby","1886"
"2012-06-01 00:00:00","swift","4"
"2012-07-01 00:00:00","assembly","201"
"2012-07-01 00:00:00","c","2366"
"2012-07-01 00:00:00","c#","12309"
"2012-07-01 00:00:00","c++","5267"
"2012-07-01 00:00:00","delphi","439"
"2012-07-01 00:00:00","go","76"
"2012-07-01 00:00:00","java","12234"
"2012-07-01 00:00:00","javascript","12311"
"2012-07-01 00:00:00","perl","666"
"2012-07-01 00:00:00","php","11703"
"2012-07-01 00:00:00","python","5718"
"2012-07-01 00:00:00","r","1118"
"2012-07-01 00:00:00","ruby","2059"
"2012-07-01 00:00:00","swift","9"
"2012-08-01 00:00:00","assembly","189"
"2012-08-01 00:00:00","c","2314"
"2012-08-01 00:00:00","c#","11935"
"2012-08-01 00:00:00","c++","5157"
"2012-08-01 00:00:00","delphi","403"
"2012-08-01 00:00:00","go","72"
"2012-08-01 00:00:00","java","12242"
"2012-08-01 00:00:00","javascript","12430"
"2012-08-01 00:00:00","perl","762"
"2012-08-01 00:00:00","php","11870"
"2012-08-01 00:00:00","python","5860"
"2012-08-01 00:00:00","r","1088"
"2012-08-01 00:00:00","ruby","2058"
"2012-08-01 00:00:00","swift","5"
"2012-09-01 00:00:00","assembly","222"
"2012-09-01 00:00:00","c","2529"
"2012-09-01 00:00:00","c#","11263"
"2012-09-01 00:00:00","c++","4908"
"2012-09-01 00:00:00","delphi","385"
"2012-09-01 00:00:00","go","129"
"2012-09-01 00:00:00","java","11612"
"2012-09-01 00:00:00","javascript","11164"
"2012-09-01 00:00:00","perl","662"
"2012-09-01 00:00:00","php","10969"
"2012-09-01 00:00:00","python","5248"
"2012-09-01 00:00:00","r","1057"
"2012-09-01 00:00:00","ruby","1954"
"2012-09-01 00:00:00","swift","7"
"2012-10-01 00:00:00","assembly","314"
"2012-10-01 00:00:00","c","3151"
"2012-10-01 00:00:00","c#","12711"
"2012-10-01 00:00:00","c++","5907"
"2012-10-01 00:00:00","delphi","478"
"2012-10-01 00:00:00","go","101"
"2012-10-01 00:00:00","java","13468"
"2012-10-01 00:00:00","javascript","12414"
"2012-10-01 00:00:00","perl","682"
"2012-10-01 00:00:00","php","11748"
"2012-10-01 00:00:00","python","6130"
"2012-10-01 00:00:00","r","1267"
"2012-10-01 00:00:00","ruby","2255"
"2012-10-01 00:00:00","swift","4"
"2012-11-01 00:00:00","assembly","303"
"2012-11-01 00:00:00","c","3187"
"2012-11-01 00:00:00","c#","12233"
"2012-11-01 00:00:00","c++","6267"
"2012-11-01 00:00:00","delphi","442"
"2012-11-01 00:00:00","go","104"
"2012-11-01 00:00:00","java","13593"
"2012-11-01 00:00:00","javascript","12324"
"2012-11-01 00:00:00","perl","637"
"2012-11-01 00:00:00","php","11736"
"2012-11-01 00:00:00","python","6391"
"2012-11-01 00:00:00","r","1345"
"2012-11-01 00:00:00","ruby","2129"
"2012-11-01 00:00:00","swift","4"
"2012-12-01 00:00:00","assembly","264"
"2012-12-01 00:00:00","c","2561"
"2012-12-01 00:00:00","c#","10946"
"2012-12-01 00:00:00","c++","5680"
"2012-12-01 00:00:00","delphi","428"
"2012-12-01 00:00:00","go","112"
"2012-12-01 00:00:00","java","12407"
"2012-12-01 00:00:00","javascript","11733"
"2012-12-01 00:00:00","perl","551"
"2012-12-01 00:00:00","php","11020"
"2012-12-01 00:00:00","python","5746"
"2012-12-01 00:00:00","r","1214"
"2012-12-01 00:00:00","ruby","1902"
"2012-12-01 00:00:00","swift","4"
"2013-01-01 00:00:00","assembly","295"
"2013-01-01 00:00:00","c","2904"
"2013-01-01 00:00:00","c#","12744"
"2013-01-01 00:00:00","c++","6034"
"2013-01-01 00:00:00","delphi","480"
"2013-01-01 00:00:00","go","101"
"2013-01-01 00:00:00","java","13693"
"2013-01-01 00:00:00","javascript","13777"
"2013-01-01 00:00:00","perl","660"
"2013-01-01 00:00:00","php","12832"
"2013-01-01 00:00:00","python","6563"
"2013-01-01 00:00:00","r","1507"
"2013-01-01 00:00:00","ruby","2305"
"2013-01-01 00:00:00","swift","5"
"2013-02-01 00:00:00","assembly","324"
"2013-02-01 00:00:00","c","3090"
"2013-02-01 00:00:00","c#","12472"
"2013-02-01 00:00:00","c++","6058"
"2013-02-01 00:00:00","delphi","447"
"2013-02-01 00:00:00","go","117"
"2013-02-01 00:00:00","java","13671"
"2013-02-01 00:00:00","javascript","13611"
"2013-02-01 00:00:00","perl","746"
"2013-02-01 00:00:00","php","12502"
"2013-02-01 00:00:00","python","6727"
"2013-02-01 00:00:00","r","1656"
"2013-02-01 00:00:00","ruby","2213"
"2013-02-01 00:00:00","swift","6"
"2013-03-01 00:00:00","assembly","367"
"2013-03-01 00:00:00","c","3437"
"2013-03-01 00:00:00","c#","14222"
"2013-03-01 00:00:00","c++","7173"
"2013-03-01 00:00:00","delphi","523"
"2013-03-01 00:00:00","go","127"
"2013-03-01 00:00:00","java","15876"
"2013-03-01 00:00:00","javascript","15261"
"2013-03-01 00:00:00","perl","850"
"2013-03-01 00:00:00","php","14057"
"2013-03-01 00:00:00","python","7608"
"2013-03-01 00:00:00","r","1848"
"2013-03-01 00:00:00","ruby","2558"
"2013-03-01 00:00:00","swift","5"
"2013-04-01 00:00:00","assembly","331"
"2013-04-01 00:00:00","c","3524"
"2013-04-01 00:00:00","c#","13864"
"2013-04-01 00:00:00","c++","7108"
"2013-04-01 00:00:00","delphi","509"
"2013-04-01 00:00:00","go","125"
"2013-04-01 00:00:00","java","16185"
"2013-04-01 00:00:00","javascript","15289"
"2013-04-01 00:00:00","perl","837"
"2013-04-01 00:00:00","php","13353"
"2013-04-01 00:00:00","python","7917"
"2013-04-01 00:00:00","r","1835"
"2013-04-01 00:00:00","ruby","2459"
"2013-04-01 00:00:00","swift","6"
"2013-05-01 00:00:00","assembly","301"
"2013-05-01 00:00:00","c","3187"
"2013-05-01 00:00:00","c#","13434"
"2013-05-01 00:00:00","c++","6818"
"2013-05-01 00:00:00","delphi","534"
"2013-05-01 00:00:00","go","142"
"2013-05-01 00:00:00","java","15231"
"2013-05-01 00:00:00","javascript","15019"
"2013-05-01 00:00:00","perl","902"
"2013-05-01 00:00:00","php","13031"
"2013-05-01 00:00:00","python","7792"
"2013-05-01 00:00:00","r","1778"
"2013-05-01 00:00:00","ruby","2336"
"2013-05-01 00:00:00","swift","2"
"2013-06-01 00:00:00","assembly","293"
"2013-06-01 00:00:00","c","2932"
"2013-06-01 00:00:00","c#","12755"
"2013-06-01 00:00:00","c++","6179"
"2013-06-01 00:00:00","delphi","474"
"2013-06-01 00:00:00","go","175"
"2013-06-01 00:00:00","java","13887"
"2013-06-01 00:00:00","javascript","14571"
"2013-06-01 00:00:00","perl","828"
"2013-06-01 00:00:00","php","12655"
"2013-06-01 00:00:00","python","7588"
"2013-06-01 00:00:00","r","1774"
"2013-06-01 00:00:00","ruby","2220"
"2013-06-01 00:00:00","swift","4"
"2013-07-01 00:00:00","assembly","297"
"2013-07-01 00:00:00","c","3007"
"2013-07-01 00:00:00","c#","14138"
"2013-07-01 00:00:00","c++","6570"
"2013-07-01 00:00:00","delphi","506"
"2013-07-01 00:00:00","go","200"
"2013-07-01 00:00:00","java","15140"
"2013-07-01 00:00:00","javascript","16769"
"2013-07-01 00:00:00","perl","952"
"2013-07-01 00:00:00","php","14240"
"2013-07-01 00:00:00","python","8596"
"2013-07-01 00:00:00","r","1963"
"2013-07-01 00:00:00","ruby","2437"
"2013-07-01 00:00:00","swift","7"
"2013-08-01 00:00:00","assembly","211"
"2013-08-01 00:00:00","c","3003"
"2013-08-01 00:00:00","c#","13815"
"2013-08-01 00:00:00","c++","6239"
"2013-08-01 00:00:00","delphi","449"
"2013-08-01 00:00:00","go","207"
"2013-08-01 00:00:00","java","15012"
"2013-08-01 00:00:00","javascript","16798"
"2013-08-01 00:00:00","perl","834"
"2013-08-01 00:00:00","php","14239"
"2013-08-01 00:00:00","python","7933"
"2013-08-01 00:00:00","r","1915"
"2013-08-01 00:00:00","ruby","2477"
"2013-08-01 00:00:00","swift","4"
"2013-09-01 00:00:00","assembly","290"
"2013-09-01 00:00:00","c","3383"
"2013-09-01 00:00:00","c#","13726"
"2013-09-01 00:00:00","c++","6535"
"2013-09-01 00:00:00","delphi","487"
"2013-09-01 00:00:00","go","237"
"2013-09-01 00:00:00","java","16212"
"2013-09-01 00:00:00","javascript","17646"
"2013-09-01 00:00:00","perl","684"
"2013-09-01 00:00:00","php","14186"
"2013-09-01 00:00:00","python","7947"
"2013-09-01 00:00:00","r","1709"
"2013-09-01 00:00:00","ruby","2386"
"2013-09-01 00:00:00","swift","9"
"2013-10-01 00:00:00","assembly","377"
"2013-10-01 00:00:00","c","4230"
"2013-10-01 00:00:00","c#","15158"
"2013-10-01 00:00:00","c++","7952"
"2013-10-01 00:00:00","delphi","520"
"2013-10-01 00:00:00","go","211"
"2013-10-01 00:00:00","java","18657"
"2013-10-01 00:00:00","javascript","19661"
"2013-10-01 00:00:00","perl","814"
"2013-10-01 00:00:00","php","15253"
"2013-10-01 00:00:00","python","9468"
"2013-10-01 00:00:00","r","2087"
"2013-10-01 00:00:00","ruby","2787"
"2013-10-01 00:00:00","swift","10"
"2013-11-01 00:00:00","assembly","417"
"2013-11-01 00:00:00","c","4276"
"2013-11-01 00:00:00","c#","14543"
"2013-11-01 00:00:00","c++","8105"
"2013-11-01 00:00:00","delphi","460"
"2013-11-01 00:00:00","go","209"
"2013-11-01 00:00:00","java","18689"
"2013-11-01 00:00:00","javascript","18425"
"2013-11-01 00:00:00","perl","820"
"2013-11-01 00:00:00","php","14798"
"2013-11-01 00:00:00","python","9472"
"2013-11-01 00:00:00","r","2185"
"2013-11-01 00:00:00","ruby","2573"
"2013-11-01 00:00:00","swift","5"
"2013-12-01 00:00:00","assembly","358"
"2013-12-01 00:00:00","c","3494"
"2013-12-01 00:00:00","c#","13589"
"2013-12-01 00:00:00","c++","6988"
"2013-12-01 00:00:00","delphi","448"
"2013-12-01 00:00:00","go","240"
"2013-12-01 00:00:00","java","17402"
"2013-12-01 00:00:00","javascript","17962"
"2013-12-01 00:00:00","perl","764"
"2013-12-01 00:00:00","php","14366"
"2013-12-01 00:00:00","python","8440"
"2013-12-01 00:00:00","r","1905"
"2013-12-01 00:00:00","ruby","2441"
"2013-12-01 00:00:00","swift","11"
"2014-01-01 00:00:00","assembly","340"
"2014-01-01 00:00:00","c","3725"
"2014-01-01 00:00:00","c#","15298"
"2014-01-01 00:00:00","c++","7676"
"2014-01-01 00:00:00","delphi","490"
"2014-01-01 00:00:00","go","300"
"2014-01-01 00:00:00","java","18614"
"2014-01-01 00:00:00","javascript","21066"
"2014-01-01 00:00:00","perl","809"
"2014-01-01 00:00:00","php","16723"
"2014-01-01 00:00:00","python","9823"
"2014-01-01 00:00:00","r","2345"
"2014-01-01 00:00:00","ruby","2756"
"2014-01-01 00:00:00","swift","6"
"2014-02-01 00:00:00","assembly","372"
"2014-02-01 00:00:00","c","3966"
"2014-02-01 00:00:00","c#","15077"
"2014-02-01 00:00:00","c++","7653"
"2014-02-01 00:00:00","delphi","489"
"2014-02-01 00:00:00","go","204"
"2014-02-01 00:00:00","java","19179"
"2014-02-01 00:00:00","javascript","21085"
"2014-02-01 00:00:00","perl","790"
"2014-02-01 00:00:00","php","16450"
"2014-02-01 00:00:00","python","9878"
"2014-02-01 00:00:00","r","2617"
"2014-02-01 00:00:00","ruby","2596"
"2014-02-01 00:00:00","swift","12"
"2014-03-01 00:00:00","assembly","451"
"2014-03-01 00:00:00","c","4548"
"2014-03-01 00:00:00","c#","16119"
"2014-03-01 00:00:00","c++","8650"
"2014-03-01 00:00:00","delphi","441"
"2014-03-01 00:00:00","go","255"
"2014-03-01 00:00:00","java","21894"
"2014-03-01 00:00:00","javascript","22567"
"2014-03-01 00:00:00","perl","907"
"2014-03-01 00:00:00","php","18224"
"2014-03-01 00:00:00","python","11401"
"2014-03-01 00:00:00","r","2798"
"2014-03-01 00:00:00","ruby","2945"
"2014-03-01 00:00:00","swift","5"
"2014-04-01 00:00:00","assembly","363"
"2014-04-01 00:00:00","c","3998"
"2014-04-01 00:00:00","c#","15250"
"2014-04-01 00:00:00","c++","8105"
"2014-04-01 00:00:00","delphi","390"
"2014-04-01 00:00:00","go","341"
"2014-04-01 00:00:00","java","20766"
"2014-04-01 00:00:00","javascript","21332"
"2014-04-01 00:00:00","perl","820"
"2014-04-01 00:00:00","php","17557"
"2014-04-01 00:00:00","python","10723"
"2014-04-01 00:00:00","r","2729"
"2014-04-01 00:00:00","ruby","2741"
"2014-04-01 00:00:00","swift","5"
"2014-05-01 00:00:00","assembly","329"
"2014-05-01 00:00:00","c","3251"
"2014-05-01 00:00:00","c#","13836"
"2014-05-01 00:00:00","c++","6765"
"2014-05-01 00:00:00","delphi","468"
"2014-05-01 00:00:00","go","279"
"2014-05-01 00:00:00","java","17876"
"2014-05-01 00:00:00","javascript","19686"
"2014-05-01 00:00:00","perl","794"
"2014-05-01 00:00:00","php","14658"
"2014-05-01 00:00:00","python","9213"
"2014-05-01 00:00:00","r","2577"
"2014-05-01 00:00:00","ruby","2671"
"2014-05-01 00:00:00","swift","9"
"2014-06-01 00:00:00","assembly","267"
"2014-06-01 00:00:00","c","2763"
"2014-06-01 00:00:00","c#","12434"
"2014-06-01 00:00:00","c++","5644"
"2014-06-01 00:00:00","delphi","413"
"2014-06-01 00:00:00","go","288"
"2014-06-01 00:00:00","java","15841"
"2014-06-01 00:00:00","javascript","18210"
"2014-06-01 00:00:00","perl","675"
"2014-06-01 00:00:00","php","12910"
"2014-06-01 00:00:00","python","8889"
"2014-06-01 00:00:00","r","2396"
"2014-06-01 00:00:00","ruby","2329"
"2014-06-01 00:00:00","swift","2388"
"2014-07-01 00:00:00","assembly","215"
"2014-07-01 00:00:00","c","2822"
"2014-07-01 00:00:00","c#","13635"
"2014-07-01 00:00:00","c++","6256"
"2014-07-01 00:00:00","delphi","444"
"2014-07-01 00:00:00","go","450"
"2014-07-01 00:00:00","java","17301"
"2014-07-01 00:00:00","javascript","20045"
"2014-07-01 00:00:00","perl","732"
"2014-07-01 00:00:00","php","14198"
"2014-07-01 00:00:00","python","9898"
"2014-07-01 00:00:00","r","2631"
"2014-07-01 00:00:00","ruby","2551"
"2014-07-01 00:00:00","swift","1633"
"2014-08-01 00:00:00","assembly","183"
"2014-08-01 00:00:00","c","2669"
"2014-08-01 00:00:00","c#","12452"
"2014-08-01 00:00:00","c++","5864"
"2014-08-01 00:00:00","delphi","423"
"2014-08-01 00:00:00","go","405"
"2014-08-01 00:00:00","java","15683"
"2014-08-01 00:00:00","javascript","18376"
"2014-08-01 00:00:00","perl","683"
"2014-08-01 00:00:00","php","13126"
"2014-08-01 00:00:00","python","9100"
"2014-08-01 00:00:00","r","2468"
"2014-08-01 00:00:00","ruby","2458"
"2014-08-01 00:00:00","swift","1690"
"2014-09-01 00:00:00","assembly","280"
"2014-09-01 00:00:00","c","3224"
"2014-09-01 00:00:00","c#","12292"
"2014-09-01 00:00:00","c++","6166"
"2014-09-01 00:00:00","delphi","445"
"2014-09-01 00:00:00","go","392"
"2014-09-01 00:00:00","java","16630"
"2014-09-01 00:00:00","javascript","18052"
"2014-09-01 00:00:00","perl","679"
"2014-09-01 00:00:00","php","13293"
"2014-09-01 00:00:00","python","8759"
"2014-09-01 00:00:00","r","2357"
"2014-09-01 00:00:00","ruby","2266"
"2014-09-01 00:00:00","swift","1895"
"2014-10-01 00:00:00","assembly","392"
"2014-10-01 00:00:00","c","3796"
"2014-10-01 00:00:00","c#","12520"
"2014-10-01 00:00:00","c++","6820"
"2014-10-01 00:00:00","delphi","410"
"2014-10-01 00:00:00","go","380"
"2014-10-01 00:00:00","java","17835"
"2014-10-01 00:00:00","javascript","18845"
"2014-10-01 00:00:00","perl","638"
"2014-10-01 00:00:00","php","13523"
"2014-10-01 00:00:00","python","9560"
"2014-10-01 00:00:00","r","2765"
"2014-10-01 00:00:00","ruby","2339"
"2014-10-01 00:00:00","swift","2460"
"2014-11-01 00:00:00","assembly","386"
"2014-11-01 00:00:00","c","3655"
"2014-11-01 00:00:00","c#","11839"
"2014-11-01 00:00:00","c++","6539"
"2014-11-01 00:00:00","delphi","425"
"2014-11-01 00:00:00","go","336"
"2014-11-01 00:00:00","java","17782"
"2014-11-01 00:00:00","javascript","17918"
"2014-11-01 00:00:00","perl","656"
"2014-11-01 00:00:00","php","12972"
"2014-11-01 00:00:00","python","9557"
"2014-11-01 00:00:00","r","2701"
"2014-11-01 00:00:00","ruby","2108"
"2014-11-01 00:00:00","swift","2554"
"2014-12-01 00:00:00","assembly","328"
"2014-12-01 00:00:00","c","3149"
"2014-12-01 00:00:00","c#","11055"
"2014-12-01 00:00:00","c++","6069"
"2014-12-01 00:00:00","delphi","313"
"2014-12-01 00:00:00","go","349"
"2014-12-01 00:00:00","java","16319"
"2014-12-01 00:00:00","javascript","16925"
"2014-12-01 00:00:00","perl","565"
"2014-12-01 00:00:00","php","12283"
"2014-12-01 00:00:00","python","9026"
"2014-12-01 00:00:00","r","2356"
"2014-12-01 00:00:00","ruby","2144"
"2014-12-01 00:00:00","swift","2482"
"2015-01-01 00:00:00","assembly","333"
"2015-01-01 00:00:00","c","3205"
"2015-01-01 00:00:00","c#","11717"
"2015-01-01 00:00:00","c++","6124"
"2015-01-01 00:00:00","delphi","379"
"2015-01-01 00:00:00","go","468"
"2015-01-01 00:00:00","java","16506"
"2015-01-01 00:00:00","javascript","18484"
"2015-01-01 00:00:00","perl","589"
"2015-01-01 00:00:00","php","13562"
"2015-01-01 00:00:00","python","9666"
"2015-01-01 00:00:00","r","2681"
"2015-01-01 00:00:00","ruby","2421"
"2015-01-01 00:00:00","swift","3045"
"2015-02-01 00:00:00","assembly","356"
"2015-02-01 00:00:00","c","3361"
"2015-02-01 00:00:00","c#","11775"
"2015-02-01 00:00:00","c++","6465"
"2015-02-01 00:00:00","delphi","414"
"2015-02-01 00:00:00","go","382"
"2015-02-01 00:00:00","java","16724"
"2015-02-01 00:00:00","javascript","18633"
"2015-02-01 00:00:00","perl","564"
"2015-02-01 00:00:00","php","13483"
"2015-02-01 00:00:00","python","10189"
"2015-02-01 00:00:00","r","2964"
"2015-02-01 00:00:00","ruby","2258"
"2015-02-01 00:00:00","swift","3231"
"2015-03-01 00:00:00","assembly","384"
"2015-03-01 00:00:00","c","3916"
"2015-03-01 00:00:00","c#","13257"
"2015-03-01 00:00:00","c++","7380"
"2015-03-01 00:00:00","delphi","409"
"2015-03-01 00:00:00","go","468"
"2015-03-01 00:00:00","java","19729"
"2015-03-01 00:00:00","javascript","20511"
"2015-03-01 00:00:00","perl","638"
"2015-03-01 00:00:00","php","14887"
"2015-03-01 00:00:00","python","11587"
"2015-03-01 00:00:00","r","3559"
"2015-03-01 00:00:00","ruby","2459"
"2015-03-01 00:00:00","swift","3589"
"2015-04-01 00:00:00","assembly","439"
"2015-04-01 00:00:00","c","3947"
"2015-04-01 00:00:00","c#","13071"
"2015-04-01 00:00:00","c++","7139"
"2015-04-01 00:00:00","delphi","388"
"2015-04-01 00:00:00","go","388"
"2015-04-01 00:00:00","java","19773"
"2015-04-01 00:00:00","javascript","20887"
"2015-04-01 00:00:00","perl","575"
"2015-04-01 00:00:00","php","14936"
"2015-04-01 00:00:00","python","11431"
"2015-04-01 00:00:00","r","3324"
"2015-04-01 00:00:00","ruby","2501"
"2015-04-01 00:00:00","swift","4010"
"2015-05-01 00:00:00","assembly","368"
"2015-05-01 00:00:00","c","3519"
"2015-05-01 00:00:00","c#","13350"
"2015-05-01 00:00:00","c++","6811"
"2015-05-01 00:00:00","delphi","399"
"2015-05-01 00:00:00","go","396"
"2015-05-01 00:00:00","java","18516"
"2015-05-01 00:00:00","javascript","22126"
"2015-05-01 00:00:00","perl","527"
"2015-05-01 00:00:00","php","14556"
"2015-05-01 00:00:00","python","11204"
"2015-05-01 00:00:00","r","3420"
"2015-05-01 00:00:00","ruby","2503"
"2015-05-01 00:00:00","swift","3792"
"2015-06-01 00:00:00","assembly","267"
"2015-06-01 00:00:00","c","3165"
"2015-06-01 00:00:00","c#","13529"
"2015-06-01 00:00:00","c++","6518"
"2015-06-01 00:00:00","delphi","388"
"2015-06-01 00:00:00","go","421"
"2015-06-01 00:00:00","java","17842"
"2015-06-01 00:00:00","javascript","22609"
"2015-06-01 00:00:00","perl","570"
"2015-06-01 00:00:00","php","14348"
"2015-06-01 00:00:00","python","11803"
"2015-06-01 00:00:00","r","3430"
"2015-06-01 00:00:00","ruby","2577"
"2015-06-01 00:00:00","swift","4323"
"2015-07-01 00:00:00","assembly","259"
"2015-07-01 00:00:00","c","2813"
"2015-07-01 00:00:00","c#","14108"
"2015-07-01 00:00:00","c++","6700"
"2015-07-01 00:00:00","delphi","385"
"2015-07-01 00:00:00","go","466"
"2015-07-01 00:00:00","java","18680"
"2015-07-01 00:00:00","javascript","23958"
"2015-07-01 00:00:00","perl","578"
"2015-07-01 00:00:00","php","15358"
"2015-07-01 00:00:00","python","12312"
"2015-07-01 00:00:00","r","3981"
"2015-07-01 00:00:00","ruby","2584"
"2015-07-01 00:00:00","swift","5144"
"2015-08-01 00:00:00","assembly","219"
"2015-08-01 00:00:00","c","2571"
"2015-08-01 00:00:00","c#","13224"
"2015-08-01 00:00:00","c++","5869"
"2015-08-01 00:00:00","delphi","387"
"2015-08-01 00:00:00","go","447"
"2015-08-01 00:00:00","java","17080"
"2015-08-01 00:00:00","javascript","22154"
"2015-08-01 00:00:00","perl","552"
"2015-08-01 00:00:00","php","14228"
"2015-08-01 00:00:00","python","11221"
"2015-08-01 00:00:00","r","3493"
"2015-08-01 00:00:00","ruby","2313"
"2015-08-01 00:00:00","swift","5083"
"2015-09-01 00:00:00","assembly","257"
"2015-09-01 00:00:00","c","3083"
"2015-09-01 00:00:00","c#","12913"
"2015-09-01 00:00:00","c++","5909"
"2015-09-01 00:00:00","delphi","358"
"2015-09-01 00:00:00","go","421"
"2015-09-01 00:00:00","java","16933"
"2015-09-01 00:00:00","javascript","21394"
"2015-09-01 00:00:00","perl","465"
"2015-09-01 00:00:00","php","13496"
"2015-09-01 00:00:00","python","10961"
"2015-09-01 00:00:00","r","3329"
"2015-09-01 00:00:00","ruby","2157"
"2015-09-01 00:00:00","swift","4548"
"2015-10-01 00:00:00","assembly","430"
"2015-10-01 00:00:00","c","3677"
"2015-10-01 00:00:00","c#","12789"
"2015-10-01 00:00:00","c++","7049"
"2015-10-01 00:00:00","delphi","421"
"2015-10-01 00:00:00","go","427"
"2015-10-01 00:00:00","java","18537"
"2015-10-01 00:00:00","javascript","21813"
"2015-10-01 00:00:00","perl","497"
"2015-10-01 00:00:00","php","13897"
"2015-10-01 00:00:00","python","12475"
"2015-10-01 00:00:00","r","3679"
"2015-10-01 00:00:00","ruby","2192"
"2015-10-01 00:00:00","swift","4293"
"2015-11-01 00:00:00","assembly","403"
"2015-11-01 00:00:00","c","3610"
"2015-11-01 00:00:00","c#","12373"
"2015-11-01 00:00:00","c++","7082"
"2015-11-01 00:00:00","delphi","389"
"2015-11-01 00:00:00","go","433"
"2015-11-01 00:00:00","java","17763"
"2015-11-01 00:00:00","javascript","21261"
"2015-11-01 00:00:00","perl","463"
"2015-11-01 00:00:00","php","13308"
"2015-11-01 00:00:00","python","12286"
"2015-11-01 00:00:00","r","3538"
"2015-11-01 00:00:00","ruby","1955"
"2015-11-01 00:00:00","swift","4318"
"2015-12-01 00:00:00","assembly","352"
"2015-12-01 00:00:00","c","3084"
"2015-12-01 00:00:00","c#","12130"
"2015-12-01 00:00:00","c++","6558"
"2015-12-01 00:00:00","delphi","314"
"2015-12-01 00:00:00","go","419"
"2015-12-01 00:00:00","java","16537"
"2015-12-01 00:00:00","javascript","21072"
"2015-12-01 00:00:00","perl","477"
"2015-12-01 00:00:00","php","13719"
"2015-12-01 00:00:00","python","11647"
"2015-12-01 00:00:00","r","3179"
"2015-12-01 00:00:00","ruby","2028"
"2015-12-01 00:00:00","swift","4370"
"2016-01-01 00:00:00","assembly","247"
"2016-01-01 00:00:00","c","3043"
"2016-01-01 00:00:00","c#","12353"
"2016-01-01 00:00:00","c++","6094"
"2016-01-01 00:00:00","delphi","318"
"2016-01-01 00:00:00","go","494"
"2016-01-01 00:00:00","java","16611"
"2016-01-01 00:00:00","javascript","22499"
"2016-01-01 00:00:00","perl","445"
"2016-01-01 00:00:00","php","14555"
"2016-01-01 00:00:00","python","12347"
"2016-01-01 00:00:00","r","3536"
"2016-01-01 00:00:00","ruby","2143"
"2016-01-01 00:00:00","swift","4782"
"2016-02-01 00:00:00","assembly","347"
"2016-02-01 00:00:00","c","3275"
"2016-02-01 00:00:00","c#","12725"
"2016-02-01 00:00:00","c++","6551"
"2016-02-01 00:00:00","delphi","355"
"2016-02-01 00:00:00","go","541"
"2016-02-01 00:00:00","java","17838"
"2016-02-01 00:00:00","javascript","22464"
"2016-02-01 00:00:00","perl","500"
"2016-02-01 00:00:00","php","14893"
"2016-02-01 00:00:00","python","13240"
"2016-02-01 00:00:00","r","3587"
"2016-02-01 00:00:00","ruby","2248"
"2016-02-01 00:00:00","swift","4748"
"2016-03-01 00:00:00","assembly","436"
"2016-03-01 00:00:00","c","3442"
"2016-03-01 00:00:00","c#","13598"
"2016-03-01 00:00:00","c++","7017"
"2016-03-01 00:00:00","delphi","339"
"2016-03-01 00:00:00","go","593"
"2016-03-01 00:00:00","java","19888"
"2016-03-01 00:00:00","javascript","24081"
"2016-03-01 00:00:00","perl","467"
"2016-03-01 00:00:00","php","15102"
"2016-03-01 00:00:00","python","14054"
"2016-03-01 00:00:00","r","4041"
"2016-03-01 00:00:00","ruby","2257"
"2016-03-01 00:00:00","swift","5071"
"2016-04-01 00:00:00","assembly","413"
"2016-04-01 00:00:00","c","3351"
"2016-04-01 00:00:00","c#","13706"
"2016-04-01 00:00:00","c++","6888"
"2016-04-01 00:00:00","delphi","324"
"2016-04-01 00:00:00","go","602"
"2016-04-01 00:00:00","java","19464"
"2016-04-01 00:00:00","javascript","23437"
"2016-04-01 00:00:00","perl","492"
"2016-04-01 00:00:00","php","14445"
"2016-04-01 00:00:00","python","13642"
"2016-04-01 00:00:00","r","4126"
"2016-04-01 00:00:00","ruby","2214"
"2016-04-01 00:00:00","swift","4746"
"2016-05-01 00:00:00","assembly","324"
"2016-05-01 00:00:00","c","2719"
"2016-05-01 00:00:00","c#","13484"
"2016-05-01 00:00:00","c++","6125"
"2016-05-01 00:00:00","delphi","337"
"2016-05-01 00:00:00","go","579"
"2016-05-01 00:00:00","java","17006"
"2016-05-01 00:00:00","javascript","22978"
"2016-05-01 00:00:00","perl","486"
"2016-05-01 00:00:00","php","14407"
"2016-05-01 00:00:00","python","13096"
"2016-05-01 00:00:00","r","3798"
"2016-05-01 00:00:00","ruby","2131"
"2016-05-01 00:00:00","swift","4409"
"2016-06-01 00:00:00","assembly","290"
"2016-06-01 00:00:00","c","2299"
"2016-06-01 00:00:00","c#","13049"
"2016-06-01 00:00:00","c++","5712"
"2016-06-01 00:00:00","delphi","281"
"2016-06-01 00:00:00","go","548"
"2016-06-01 00:00:00","java","15900"
"2016-06-01 00:00:00","javascript","22134"
"2016-06-01 00:00:00","perl","436"
"2016-06-01 00:00:00","php","13588"
"2016-06-01 00:00:00","python","12905"
"2016-06-01 00:00:00","r","3862"
"2016-06-01 00:00:00","ruby","2107"
"2016-06-01 00:00:00","swift","4792"
"2016-07-01 00:00:00","assembly","202"
"2016-07-01 00:00:00","c","2345"
"2016-07-01 00:00:00","c#","11992"
"2016-07-01 00:00:00","c++","5462"
"2016-07-01 00:00:00","delphi","242"
"2016-07-01 00:00:00","go","536"
"2016-07-01 00:00:00","java","14923"
"2016-07-01 00:00:00","javascript","22195"
"2016-07-01 00:00:00","perl","414"
"2016-07-01 00:00:00","php","12887"
"2016-07-01 00:00:00","python","12818"
"2016-07-01 00:00:00","r","3744"
"2016-07-01 00:00:00","ruby","1900"
"2016-07-01 00:00:00","swift","4929"
"2016-08-01 00:00:00","assembly","256"
"2016-08-01 00:00:00","c","2213"
"2016-08-01 00:00:00","c#","12713"
"2016-08-01 00:00:00","c++","5014"
"2016-08-01 00:00:00","delphi","338"
"2016-08-01 00:00:00","go","572"
"2016-08-01 00:00:00","java","15168"
"2016-08-01 00:00:00","javascript","22654"
"2016-08-01 00:00:00","perl","460"
"2016-08-01 00:00:00","php","12853"
"2016-08-01 00:00:00","python","12902"
"2016-08-01 00:00:00","r","3783"
"2016-08-01 00:00:00","ruby","1876"
"2016-08-01 00:00:00","swift","4899"
"2016-09-01 00:00:00","assembly","336"
"2016-09-01 00:00:00","c","2510"
"2016-09-01 00:00:00","c#","11096"
"2016-09-01 00:00:00","c++","5136"
"2016-09-01 00:00:00","delphi","287"
"2016-09-01 00:00:00","go","511"
"2016-09-01 00:00:00","java","14659"
"2016-09-01 00:00:00","javascript","20433"
"2016-09-01 00:00:00","perl","462"
"2016-09-01 00:00:00","php","12115"
"2016-09-01 00:00:00","python","12330"
"2016-09-01 00:00:00","r","3300"
"2016-09-01 00:00:00","ruby","1924"
"2016-09-01 00:00:00","swift","4854"
"2016-10-01 00:00:00","assembly","399"
"2016-10-01 00:00:00","c","3204"
"2016-10-01 00:00:00","c#","11442"
"2016-10-01 00:00:00","c++","5967"
"2016-10-01 00:00:00","delphi","267"
"2016-10-01 00:00:00","go","532"
"2016-10-01 00:00:00","java","15309"
"2016-10-01 00:00:00","javascript","20432"
"2016-10-01 00:00:00","perl","403"
"2016-10-01 00:00:00","php","12242"
"2016-10-01 00:00:00","python","13498"
"2016-10-01 00:00:00","r","3786"
"2016-10-01 00:00:00","ruby","1821"
"2016-10-01 00:00:00","swift","4727"
"2016-11-01 00:00:00","assembly","412"
"2016-11-01 00:00:00","c","3260"
"2016-11-01 00:00:00","c#","11643"
"2016-11-01 00:00:00","c++","6071"
"2016-11-01 00:00:00","delphi","274"
"2016-11-01 00:00:00","go","476"
"2016-11-01 00:00:00","java","15641"
"2016-11-01 00:00:00","javascript","20498"
"2016-11-01 00:00:00","perl","372"
"2016-11-01 00:00:00","php","11915"
"2016-11-01 00:00:00","python","14169"
"2016-11-01 00:00:00","r","3559"
"2016-11-01 00:00:00","ruby","1757"
"2016-11-01 00:00:00","swift","4363"
"2016-12-01 00:00:00","assembly","314"
"2016-12-01 00:00:00","c","2792"
"2016-12-01 00:00:00","c#","10679"
"2016-12-01 00:00:00","c++","5220"
"2016-12-01 00:00:00","delphi","252"
"2016-12-01 00:00:00","go","496"
"2016-12-01 00:00:00","java","13830"
"2016-12-01 00:00:00","javascript","19781"
"2016-12-01 00:00:00","perl","337"
"2016-12-01 00:00:00","php","11455"
"2016-12-01 00:00:00","python","13035"
"2016-12-01 00:00:00","r","3149"
"2016-12-01 00:00:00","ruby","1627"
"2016-12-01 00:00:00","swift","3926"
"2017-01-01 00:00:00","assembly","306"
"2017-01-01 00:00:00","c","2755"
"2017-01-01 00:00:00","c#","11686"
"2017-01-01 00:00:00","c++","5646"
"2017-01-01 00:00:00","delphi","285"
"2017-01-01 00:00:00","go","559"
"2017-01-01 00:00:00","java","14542"
"2017-01-01 00:00:00","javascript","21376"
"2017-01-01 00:00:00","perl","325"
"2017-01-01 00:00:00","php","12581"
"2017-01-01 00:00:00","python","14258"
"2017-01-01 00:00:00","r","3484"
"2017-01-01 00:00:00","ruby","1821"
"2017-01-01 00:00:00","swift","4331"
"2017-02-01 00:00:00","assembly","301"
"2017-02-01 00:00:00","c","2724"
"2017-02-01 00:00:00","c#","11480"
"2017-02-01 00:00:00","c++","5163"
"2017-02-01 00:00:00","delphi","303"
"2017-02-01 00:00:00","go","554"
"2017-02-01 00:00:00","java","14546"
"2017-02-01 00:00:00","javascript","21169"
"2017-02-01 00:00:00","perl","398"
"2017-02-01 00:00:00","php","12459"
"2017-02-01 00:00:00","python","14761"
"2017-02-01 00:00:00","r","3672"
"2017-02-01 00:00:00","ruby","1624"
"2017-02-01 00:00:00","swift","4050"
"2017-03-01 00:00:00","assembly","372"
"2017-03-01 00:00:00","c","2965"
"2017-03-01 00:00:00","c#","12976"
"2017-03-01 00:00:00","c++","6215"
"2017-03-01 00:00:00","delphi","304"
"2017-03-01 00:00:00","go","651"
"2017-03-01 00:00:00","java","17291"
"2017-03-01 00:00:00","javascript","23683"
"2017-03-01 00:00:00","perl","409"
"2017-03-01 00:00:00","php","14014"
"2017-03-01 00:00:00","python","17115"
"2017-03-01 00:00:00","r","4601"
"2017-03-01 00:00:00","ruby","1790"
"2017-03-01 00:00:00","swift","4610"
"2017-04-01 00:00:00","assembly","316"
"2017-04-01 00:00:00","c","2850"
"2017-04-01 00:00:00","c#","11078"
"2017-04-01 00:00:00","c++","5870"
"2017-04-01 00:00:00","delphi","264"
"2017-04-01 00:00:00","go","507"
"2017-04-01 00:00:00","java","15914"
"2017-04-01 00:00:00","javascript","21215"
"2017-04-01 00:00:00","perl","369"
"2017-04-01 00:00:00","php","12375"
"2017-04-01 00:00:00","python","15637"
"2017-04-01 00:00:00","r","4263"
"2017-04-01 00:00:00","ruby","1487"
"2017-04-01 00:00:00","swift","3907"
"2017-05-01 00:00:00","assembly","348"
"2017-05-01 00:00:00","c","2742"
"2017-05-01 00:00:00","c#","11967"
"2017-05-01 00:00:00","c++","5295"
"2017-05-01 00:00:00","delphi","320"
"2017-05-01 00:00:00","go","583"
"2017-05-01 00:00:00","java","16318"
"2017-05-01 00:00:00","javascript","22373"
"2017-05-01 00:00:00","perl","355"
"2017-05-01 00:00:00","php","13004"
"2017-05-01 00:00:00","python","16176"
"2017-05-01 00:00:00","r","4312"
"2017-05-01 00:00:00","ruby","1519"
"2017-05-01 00:00:00","swift","4091"
"2017-06-01 00:00:00","assembly","240"
"2017-06-01 00:00:00","c","2350"
"2017-06-01 00:00:00","c#","11291"
"2017-06-01 00:00:00","c++","4676"
"2017-06-01 00:00:00","delphi","245"
"2017-06-01 00:00:00","go","572"
"2017-06-01 00:00:00","java","14603"
"2017-06-01 00:00:00","javascript","21558"
"2017-06-01 00:00:00","perl","312"
"2017-06-01 00:00:00","php","11714"
"2017-06-01 00:00:00","python","15996"
"2017-06-01 00:00:00","r","4446"
"2017-06-01 00:00:00","ruby","1415"
"2017-06-01 00:00:00","swift","4193"
"2017-07-01 00:00:00","assembly","220"
"2017-07-01 00:00:00","c","2042"
"2017-07-01 00:00:00","c#","11192"
"2017-07-01 00:00:00","c++","5014"
"2017-07-01 00:00:00","delphi","207"
"2017-07-01 00:00:00","go","655"
"2017-07-01 00:00:00","java","14111"
"2017-07-01 00:00:00","javascript","21591"
"2017-07-01 00:00:00","perl","324"
"2017-07-01 00:00:00","php","11732"
"2017-07-01 00:00:00","python","16908"
"2017-07-01 00:00:00","r","4578"
"2017-07-01 00:00:00","ruby","1521"
"2017-07-01 00:00:00","swift","4344"
"2017-08-01 00:00:00","assembly","216"
"2017-08-01 00:00:00","c","2038"
"2017-08-01 00:00:00","c#","10940"
"2017-08-01 00:00:00","c++","4786"
"2017-08-01 00:00:00","delphi","290"
"2017-08-01 00:00:00","go","607"
"2017-08-01 00:00:00","java","13741"
"2017-08-01 00:00:00","javascript","21317"
"2017-08-01 00:00:00","perl","356"
"2017-08-01 00:00:00","php","11604"
"2017-08-01 00:00:00","python","16463"
"2017-08-01 00:00:00","r","4567"
"2017-08-01 00:00:00","ruby","1392"
"2017-08-01 00:00:00","swift","4176"
"2017-09-01 00:00:00","assembly","229"
"2017-09-01 00:00:00","c","2100"
"2017-09-01 00:00:00","c#","9860"
"2017-09-01 00:00:00","c++","4464"
"2017-09-01 00:00:00","delphi","261"
"2017-09-01 00:00:00","go","544"
"2017-09-01 00:00:00","java","12735"
"2017-09-01 00:00:00","javascript","18969"
"2017-09-01 00:00:00","perl","297"
"2017-09-01 00:00:00","php","10658"
"2017-09-01 00:00:00","python","15438"
"2017-09-01 00:00:00","r","4220"
"2017-09-01 00:00:00","ruby","1222"
"2017-09-01 00:00:00","swift","3759"
"2017-10-01 00:00:00","assembly","332"
"2017-10-01 00:00:00","c","2773"
"2017-10-01 00:00:00","c#","10218"
"2017-10-01 00:00:00","c++","5213"
"2017-10-01 00:00:00","delphi","221"
"2017-10-01 00:00:00","go","614"
"2017-10-01 00:00:00","java","13989"
"2017-10-01 00:00:00","javascript","19841"
"2017-10-01 00:00:00","perl","333"
"2017-10-01 00:00:00","php","10795"
"2017-10-01 00:00:00","python","16929"
"2017-10-01 00:00:00","r","4542"
"2017-10-01 00:00:00","ruby","1298"
"2017-10-01 00:00:00","swift","3893"
"2017-11-01 00:00:00","assembly","385"
"2017-11-01 00:00:00","c","2948"
"2017-11-01 00:00:00","c#","9779"
"2017-11-01 00:00:00","c++","5031"
"2017-11-01 00:00:00","delphi","200"
"2017-11-01 00:00:00","go","655"
"2017-11-01 00:00:00","java","14159"
"2017-11-01 00:00:00","javascript","19387"
"2017-11-01 00:00:00","perl","264"
"2017-11-01 00:00:00","php","10567"
"2017-11-01 00:00:00","python","16958"
"2017-11-01 00:00:00","r","4501"
"2017-11-01 00:00:00","ruby","1174"
"2017-11-01 00:00:00","swift","3661"
"2017-12-01 00:00:00","assembly","247"
"2017-12-01 00:00:00","c","2193"
"2017-12-01 00:00:00","c#","8591"
"2017-12-01 00:00:00","c++","4452"
"2017-12-01 00:00:00","delphi","187"
"2017-12-01 00:00:00","go","524"
"2017-12-01 00:00:00","java","11965"
"2017-12-01 00:00:00","javascript","16943"
"2017-12-01 00:00:00","perl","237"
"2017-12-01 00:00:00","php","9097"
"2017-12-01 00:00:00","python","14929"
"2017-12-01 00:00:00","r","3713"
"2017-12-01 00:00:00","ruby","1018"
"2017-12-01 00:00:00","swift","3198"
"2018-01-01 00:00:00","assembly","252"
"2018-01-01 00:00:00","c","2213"
"2018-01-01 00:00:00","c#","9360"
"2018-01-01 00:00:00","c++","4749"
"2018-01-01 00:00:00","delphi","195"
"2018-01-01 00:00:00","go","542"
"2018-01-01 00:00:00","java","12330"
"2018-01-01 00:00:00","javascript","18878"
"2018-01-01 00:00:00","perl","245"
"2018-01-01 00:00:00","php","10078"
"2018-01-01 00:00:00","python","16225"
"2018-01-01 00:00:00","r","4198"
"2018-01-01 00:00:00","ruby","1160"
"2018-01-01 00:00:00","swift","3738"
"2018-02-01 00:00:00","assembly","281"
"2018-02-01 00:00:00","c","2141"
"2018-02-01 00:00:00","c#","8569"
"2018-02-01 00:00:00","c++","4566"
"2018-02-01 00:00:00","delphi","213"
"2018-02-01 00:00:00","go","580"
"2018-02-01 00:00:00","java","12012"
"2018-02-01 00:00:00","javascript","17207"
"2018-02-01 00:00:00","perl","231"
"2018-02-01 00:00:00","php","9092"
"2018-02-01 00:00:00","python","16288"
"2018-02-01 00:00:00","r","4499"
"2018-02-01 00:00:00","ruby","1031"
"2018-02-01 00:00:00","swift","3402"
"2018-03-01 00:00:00","assembly","317"
"2018-03-01 00:00:00","c","2460"
"2018-03-01 00:00:00","c#","9779"
"2018-03-01 00:00:00","c++","5175"
"2018-03-01 00:00:00","delphi","218"
"2018-03-01 00:00:00","go","603"
"2018-03-01 00:00:00","java","13543"
"2018-03-01 00:00:00","javascript","19132"
"2018-03-01 00:00:00","perl","288"
"2018-03-01 00:00:00","php","9800"
"2018-03-01 00:00:00","python","17886"
"2018-03-01 00:00:00","r","5105"
"2018-03-01 00:00:00","ruby","1061"
"2018-03-01 00:00:00","swift","4046"
"2018-04-01 00:00:00","assembly","321"
"2018-04-01 00:00:00","c","2182"
"2018-04-01 00:00:00","c#","9229"
"2018-04-01 00:00:00","c++","4659"
"2018-04-01 00:00:00","delphi","204"
"2018-04-01 00:00:00","go","619"
"2018-04-01 00:00:00","java","13468"
"2018-04-01 00:00:00","javascript","17942"
"2018-04-01 00:00:00","perl","253"
"2018-04-01 00:00:00","php","8913"
"2018-04-01 00:00:00","python","16962"
"2018-04-01 00:00:00","r","4726"
"2018-04-01 00:00:00","ruby","987"
"2018-04-01 00:00:00","swift","3567"
"2018-05-01 00:00:00","assembly","295"
"2018-05-01 00:00:00","c","2364"
"2018-05-01 00:00:00","c#","9918"
"2018-05-01 00:00:00","c++","4681"
"2018-05-01 00:00:00","delphi","193"
"2018-05-01 00:00:00","go","631"
"2018-05-01 00:00:00","java","13447"
"2018-05-01 00:00:00","javascript","18051"
"2018-05-01 00:00:00","perl","241"
"2018-05-01 00:00:00","php","9423"
"2018-05-01 00:00:00","python","17554"
"2018-05-01 00:00:00","r","4731"
"2018-05-01 00:00:00","ruby","1034"
"2018-05-01 00:00:00","swift","3615"
"2018-06-01 00:00:00","assembly","206"
"2018-06-01 00:00:00","c","1833"
"2018-06-01 00:00:00","c#","8782"
"2018-06-01 00:00:00","c++","4091"
"2018-06-01 00:00:00","delphi","186"
"2018-06-01 00:00:00","go","674"
"2018-06-01 00:00:00","java","11771"
"2018-06-01 00:00:00","javascript","17172"
"2018-06-01 00:00:00","perl","238"
"2018-06-01 00:00:00","php","8397"
"2018-06-01 00:00:00","python","16792"
"2018-06-01 00:00:00","r","4483"
"2018-06-01 00:00:00","ruby","990"
"2018-06-01 00:00:00","swift","3140"
"2018-07-01 00:00:00","assembly","182"
"2018-07-01 00:00:00","c","1599"
"2018-07-01 00:00:00","c#","9393"
"2018-07-01 00:00:00","c++","3910"
"2018-07-01 00:00:00","delphi","206"
"2018-07-01 00:00:00","go","691"
"2018-07-01 00:00:00","java","11735"
"2018-07-01 00:00:00","javascript","17799"
"2018-07-01 00:00:00","perl","246"
"2018-07-01 00:00:00","php","8522"
"2018-07-01 00:00:00","python","17920"
"2018-07-01 00:00:00","r","4404"
"2018-07-01 00:00:00","ruby","940"
"2018-07-01 00:00:00","swift","3667"
"2018-08-01 00:00:00","assembly","176"
"2018-08-01 00:00:00","c","1678"
"2018-08-01 00:00:00","c#","9474"
"2018-08-01 00:00:00","c++","3900"
"2018-08-01 00:00:00","delphi","204"
"2018-08-01 00:00:00","go","705"
"2018-08-01 00:00:00","java","11288"
"2018-08-01 00:00:00","javascript","17838"
"2018-08-01 00:00:00","perl","227"
"2018-08-01 00:00:00","php","8450"
"2018-08-01 00:00:00","python","17712"
"2018-08-01 00:00:00","r","4100"
"2018-08-01 00:00:00","ruby","878"
"2018-08-01 00:00:00","swift","3564"
"2018-09-01 00:00:00","assembly","255"
"2018-09-01 00:00:00","c","1833"
"2018-09-01 00:00:00","c#","8349"
"2018-09-01 00:00:00","c++","3736"
"2018-09-01 00:00:00","delphi","181"
"2018-09-01 00:00:00","go","672"
"2018-09-01 00:00:00","java","10702"
"2018-09-01 00:00:00","javascript","15987"
"2018-09-01 00:00:00","perl","205"
"2018-09-01 00:00:00","php","7632"
"2018-09-01 00:00:00","python","15995"
"2018-09-01 00:00:00","r","3750"
"2018-09-01 00:00:00","ruby","777"
"2018-09-01 00:00:00","swift","3136"
"2018-10-01 00:00:00","assembly","321"
"2018-10-01 00:00:00","c","2445"
"2018-10-01 00:00:00","c#","9326"
"2018-10-01 00:00:00","c++","4300"
"2018-10-01 00:00:00","delphi","222"
"2018-10-01 00:00:00","go","790"
"2018-10-01 00:00:00","java","12479"
"2018-10-01 00:00:00","javascript","17391"
"2018-10-01 00:00:00","perl","277"
"2018-10-01 00:00:00","php","8131"
"2018-10-01 00:00:00","python","18124"
"2018-10-01 00:00:00","r","4355"
"2018-10-01 00:00:00","ruby","897"
"2018-10-01 00:00:00","swift","3264"
"2018-11-01 00:00:00","assembly","301"
"2018-11-01 00:00:00","c","2519"
"2018-11-01 00:00:00","c#","8459"
"2018-11-01 00:00:00","c++","4336"
"2018-11-01 00:00:00","delphi","179"
"2018-11-01 00:00:00","go","717"
"2018-11-01 00:00:00","java","11679"
"2018-11-01 00:00:00","javascript","16157"
"2018-11-01 00:00:00","perl","235"
"2018-11-01 00:00:00","php","7051"
"2018-11-01 00:00:00","python","17990"
"2018-11-01 00:00:00","r","4224"
"2018-11-01 00:00:00","ruby","833"
"2018-11-01 00:00:00","swift","2976"
"2018-12-01 00:00:00","assembly","221"
"2018-12-01 00:00:00","c","2189"
"2018-12-01 00:00:00","c#","7533"
"2018-12-01 00:00:00","c++","3553"
"2018-12-01 00:00:00","delphi","175"
"2018-12-01 00:00:00","go","656"
"2018-12-01 00:00:00","java","10423"
"2018-12-01 00:00:00","javascript","14254"
"2018-12-01 00:00:00","perl","220"
"2018-12-01 00:00:00","php","6180"
"2018-12-01 00:00:00","python","15700"
"2018-12-01 00:00:00","r","3397"
"2018-12-01 00:00:00","ruby","806"
"2018-12-01 00:00:00","swift","2780"
"2019-01-01 00:00:00","assembly","218"
"2019-01-01 00:00:00","c","2278"
"2019-01-01 00:00:00","c#","8732"
"2019-01-01 00:00:00","c++","3902"
"2019-01-01 00:00:00","delphi","215"
"2019-01-01 00:00:00","go","658"
"2019-01-01 00:00:00","java","11004"
"2019-01-01 00:00:00","javascript","16004"
"2019-01-01 00:00:00","perl","264"
"2019-01-01 00:00:00","php","7147"
"2019-01-01 00:00:00","python","16916"
"2019-01-01 00:00:00","r","3942"
"2019-01-01 00:00:00","ruby","915"
"2019-01-01 00:00:00","swift","2903"
"2019-02-01 00:00:00","assembly","224"
"2019-02-01 00:00:00","c","2052"
"2019-02-01 00:00:00","c#","8337"
"2019-02-01 00:00:00","c++","3722"
"2019-02-01 00:00:00","delphi","190"
"2019-02-01 00:00:00","go","628"
"2019-02-01 00:00:00","java","10973"
"2019-02-01 00:00:00","javascript","15665"
"2019-02-01 00:00:00","perl","250"
"2019-02-01 00:00:00","php","7241"
"2019-02-01 00:00:00","python","17501"
"2019-02-01 00:00:00","r","4246"
"2019-02-01 00:00:00","ruby","786"
"2019-02-01 00:00:00","swift","2676"
"2019-03-01 00:00:00","assembly","275"
"2019-03-01 00:00:00","c","2378"
"2019-03-01 00:00:00","c#","8943"
"2019-03-01 00:00:00","c++","4421"
"2019-03-01 00:00:00","delphi","186"
"2019-03-01 00:00:00","go","723"
"2019-03-01 00:00:00","java","12011"
"2019-03-01 00:00:00","javascript","17301"
"2019-03-01 00:00:00","perl","231"
"2019-03-01 00:00:00","php","7750"
"2019-03-01 00:00:00","python","19865"
"2019-03-01 00:00:00","r","4488"
"2019-03-01 00:00:00","ruby","843"
"2019-03-01 00:00:00","swift","2944"
"2019-04-01 00:00:00","assembly","303"
"2019-04-01 00:00:00","c","2427"
"2019-04-01 00:00:00","c#","9098"
"2019-04-01 00:00:00","c++","4369"
"2019-04-01 00:00:00","delphi","204"
"2019-04-01 00:00:00","go","650"
"2019-04-01 00:00:00","java","11142"
"2019-04-01 00:00:00","javascript","16139"
"2019-04-01 00:00:00","perl","205"
"2019-04-01 00:00:00","php","7130"
"2019-04-01 00:00:00","python","19797"
"2019-04-01 00:00:00","r","4594"
"2019-04-01 00:00:00","ruby","767"
"2019-04-01 00:00:00","swift","3069"
"2019-05-01 00:00:00","assembly","235"
"2019-05-01 00:00:00","c","2089"
"2019-05-01 00:00:00","c#","9003"
"2019-05-01 00:00:00","c++","4118"
"2019-05-01 00:00:00","delphi","170"
"2019-05-01 00:00:00","go","673"
"2019-05-01 00:00:00","java","11073"
"2019-05-01 00:00:00","javascript","16114"
"2019-05-01 00:00:00","perl","221"
"2019-05-01 00:00:00","php","6917"
"2019-05-01 00:00:00","python","18875"
"2019-05-01 00:00:00","r","4290"
"2019-05-01 00:00:00","ruby","759"
"2019-05-01 00:00:00","swift","3103"
"2019-06-01 00:00:00","assembly","199"
"2019-06-01 00:00:00","c","1724"
"2019-06-01 00:00:00","c#","7591"
"2019-06-01 00:00:00","c++","3636"
"2019-06-01 00:00:00","delphi","134"
"2019-06-01 00:00:00","go","526"
"2019-06-01 00:00:00","java","9617"
"2019-06-01 00:00:00","javascript","14780"
"2019-06-01 00:00:00","perl","235"
"2019-06-01 00:00:00","php","5978"
"2019-06-01 00:00:00","python","17200"
"2019-06-01 00:00:00","r","3943"
"2019-06-01 00:00:00","ruby","703"
"2019-06-01 00:00:00","swift","3085"
"2019-07-01 00:00:00","assembly","187"
"2019-07-01 00:00:00","c","1751"
"2019-07-01 00:00:00","c#","8429"
"2019-07-01 00:00:00","c++","4264"
"2019-07-01 00:00:00","delphi","164"
"2019-07-01 00:00:00","go","626"
"2019-07-01 00:00:00","java","10811"
"2019-07-01 00:00:00","javascript","16125"
"2019-07-01 00:00:00","perl","236"
"2019-07-01 00:00:00","php","6630"
"2019-07-01 00:00:00","python","19722"
"2019-07-01 00:00:00","r","4197"
"2019-07-01 00:00:00","ruby","758"
"2019-07-01 00:00:00","swift","3033"
"2019-08-01 00:00:00","assembly","166"
"2019-08-01 00:00:00","c","1547"
"2019-08-01 00:00:00","c#","7693"
"2019-08-01 00:00:00","c++","3283"
"2019-08-01 00:00:00","delphi","174"
"2019-08-01 00:00:00","go","630"
"2019-08-01 00:00:00","java","9066"
"2019-08-01 00:00:00","javascript","15182"
"2019-08-01 00:00:00","perl","192"
"2019-08-01 00:00:00","php","5781"
"2019-08-01 00:00:00","python","17999"
"2019-08-01 00:00:00","r","3948"
"2019-08-01 00:00:00","ruby","779"
"2019-08-01 00:00:00","swift","2537"
"2019-09-01 00:00:00","assembly","221"
"2019-09-01 00:00:00","c","2001"
"2019-09-01 00:00:00","c#","7832"
"2019-09-01 00:00:00","c++","3776"
"2019-09-01 00:00:00","delphi","145"
"2019-09-01 00:00:00","go","616"
"2019-09-01 00:00:00","java","9646"
"2019-09-01 00:00:00","javascript","14848"
"2019-09-01 00:00:00","perl","199"
"2019-09-01 00:00:00","php","5535"
"2019-09-01 00:00:00","python","16850"
"2019-09-01 00:00:00","r","3935"
"2019-09-01 00:00:00","ruby","715"
"2019-09-01 00:00:00","swift","2549"
"2019-10-01 00:00:00","assembly","317"
"2019-10-01 00:00:00","c","2474"
"2019-10-01 00:00:00","c#","8395"
"2019-10-01 00:00:00","c++","4830"
"2019-10-01 00:00:00","delphi","151"
"2019-10-01 00:00:00","go","633"
"2019-10-01 00:00:00","java","11181"
"2019-10-01 00:00:00","javascript","15950"
"2019-10-01 00:00:00","perl","208"
"2019-10-01 00:00:00","php","6023"
"2019-10-01 00:00:00","python","20418"
"2019-10-01 00:00:00","r","4381"
"2019-10-01 00:00:00","ruby","848"
"2019-10-01 00:00:00","swift","3094"
"2019-11-01 00:00:00","assembly","282"
"2019-11-01 00:00:00","c","2505"
"2019-11-01 00:00:00","c#","8010"
"2019-11-01 00:00:00","c++","4720"
"2019-11-01 00:00:00","delphi","171"
"2019-11-01 00:00:00","go","603"
"2019-11-01 00:00:00","java","10295"
"2019-11-01 00:00:00","javascript","15730"
"2019-11-01 00:00:00","perl","219"
"2019-11-01 00:00:00","php","6058"
"2019-11-01 00:00:00","python","20557"
"2019-11-01 00:00:00","r","4282"
"2019-11-01 00:00:00","ruby","684"
"2019-11-01 00:00:00","swift","2870"
"2019-12-01 00:00:00","assembly","248"
"2019-12-01 00:00:00","c","2141"
"2019-12-01 00:00:00","c#","7193"
"2019-12-01 00:00:00","c++","4192"
"2019-12-01 00:00:00","delphi","127"
"2019-12-01 00:00:00","go","615"
"2019-12-01 00:00:00","java","9001"
"2019-12-01 00:00:00","javascript","14290"
"2019-12-01 00:00:00","perl","157"
"2019-12-01 00:00:00","php","5201"
"2019-12-01 00:00:00","python","18084"
"2019-12-01 00:00:00","r","3737"
"2019-12-01 00:00:00","ruby","667"
"2019-12-01 00:00:00","swift","2656"
"2020-01-01 00:00:00","assembly","229"
"2020-01-01 00:00:00","c","2050"
"2020-01-01 00:00:00","c#","7786"
"2020-01-01 00:00:00","c++","4221"
"2020-01-01 00:00:00","delphi","163"
"2020-01-01 00:00:00","go","647"
"2020-01-01 00:00:00","java","9928"
"2020-01-01 00:00:00","javascript","15991"
"2020-01-01 00:00:00","perl","165"
"2020-01-01 00:00:00","php","5870"
"2020-01-01 00:00:00","python","19944"
"2020-01-01 00:00:00","r","4143"
"2020-01-01 00:00:00","ruby","761"
"2020-01-01 00:00:00","swift","2895"
"2020-02-01 00:00:00","assembly","272"
"2020-02-01 00:00:00","c","1976"
"2020-02-01 00:00:00","c#","7704"
"2020-02-01 00:00:00","c++","4076"
"2020-02-01 00:00:00","delphi","156"
"2020-02-01 00:00:00","go","661"
"2020-02-01 00:00:00","java","10020"
"2020-02-01 00:00:00","javascript","15718"
"2020-02-01 00:00:00","perl","178"
"2020-02-01 00:00:00","php","5650"
"2020-02-01 00:00:00","python","20005"
"2020-02-01 00:00:00","r","4671"
"2020-02-01 00:00:00","ruby","653"
"2020-02-01 00:00:00","swift","2756"
"2020-03-01 00:00:00","assembly","294"
"2020-03-01 00:00:00","c","2478"
"2020-03-01 00:00:00","c#","7776"
"2020-03-01 00:00:00","c++","4638"
"2020-03-01 00:00:00","delphi","167"
"2020-03-01 00:00:00","go","653"
"2020-03-01 00:00:00","java","11034"
"2020-03-01 00:00:00","javascript","17544"
"2020-03-01 00:00:00","perl","196"
"2020-03-01 00:00:00","php","5644"
"2020-03-01 00:00:00","python","22641"
"2020-03-01 00:00:00","r","5119"
"2020-03-01 00:00:00","ruby","711"
"2020-03-01 00:00:00","swift","2906"
"2020-04-01 00:00:00","assembly","377"
"2020-04-01 00:00:00","c","3249"
"2020-04-01 00:00:00","c#","8565"
"2020-04-01 00:00:00","c++","6207"
"2020-04-01 00:00:00","delphi","231"
"2020-04-01 00:00:00","go","795"
"2020-04-01 00:00:00","java","12592"
"2020-04-01 00:00:00","javascript","20863"
"2020-04-01 00:00:00","perl","220"
"2020-04-01 00:00:00","php","6601"
"2020-04-01 00:00:00","python","27577"
"2020-04-01 00:00:00","r","6167"
"2020-04-01 00:00:00","ruby","766"
"2020-04-01 00:00:00","swift","3444"
"2020-05-01 00:00:00","assembly","358"
"2020-05-01 00:00:00","c","3369"
"2020-05-01 00:00:00","c#","8579"
"2020-05-01 00:00:00","c++","6394"
"2020-05-01 00:00:00","delphi","201"
"2020-05-01 00:00:00","go","751"
"2020-05-01 00:00:00","java","11996"
"2020-05-01 00:00:00","javascript","21453"
"2020-05-01 00:00:00","perl","214"
"2020-05-01 00:00:00","php","6496"
"2020-05-01 00:00:00","python","29396"
"2020-05-01 00:00:00","r","6005"
"2020-05-01 00:00:00","ruby","695"
"2020-05-01 00:00:00","swift","3519"
"2020-06-01 00:00:00","assembly","329"
"2020-06-01 00:00:00","c","2583"
"2020-06-01 00:00:00","c#","7890"
"2020-06-01 00:00:00","c++","5613"
"2020-06-01 00:00:00","delphi","202"
"2020-06-01 00:00:00","go","707"
"2020-06-01 00:00:00","java","10802"
"2020-06-01 00:00:00","javascript","19786"
"2020-06-01 00:00:00","perl","198"
"2020-06-01 00:00:00","php","5914"
"2020-06-01 00:00:00","python","27084"
"2020-06-01 00:00:00","r","5432"
"2020-06-01 00:00:00","ruby","613"
"2020-06-01 00:00:00","swift","3155"
"2020-07-01 00:00:00","assembly","271"
"2020-07-01 00:00:00","c","2094"
"2020-07-01 00:00:00","c#","7800"
"2020-07-01 00:00:00","c++","5160"
"2020-07-01 00:00:00","delphi","193"
"2020-07-01 00:00:00","go","642"
"2020-07-01 00:00:00","java","10430"
"2020-07-01 00:00:00","javascript","19856"
"2020-07-01 00:00:00","perl","176"
"2020-07-01 00:00:00","php","5919"
"2020-07-01 00:00:00","python","26250"
"2020-07-01 00:00:00","r","4937"
"2020-07-01 00:00:00","ruby","697"
"2020-07-01 00:00:00","swift","2984"
"2020-08-01 00:00:00","assembly","265"
"2020-08-01 00:00:00","c","1891"
"2020-08-01 00:00:00","c#","7052"
"2020-08-01 00:00:00","c++","4772"
"2020-08-01 00:00:00","delphi","182"
"2020-08-01 00:00:00","go","707"
"2020-08-01 00:00:00","java","9297"
"2020-08-01 00:00:00","javascript","18014"
"2020-08-01 00:00:00","perl","192"
"2020-08-01 00:00:00","php","4964"
"2020-08-01 00:00:00","python","23011"
"2020-08-01 00:00:00","r","4493"
"2020-08-01 00:00:00","ruby","553"
"2020-08-01 00:00:00","swift","2676"
"2020-09-01 00:00:00","assembly","294"
"2020-09-01 00:00:00","c","2149"
"2020-09-01 00:00:00","c#","6444"
"2020-09-01 00:00:00","c++","3918"
"2020-09-01 00:00:00","delphi","172"
"2020-09-01 00:00:00","go","727"
"2020-09-01 00:00:00","java","8927"
"2020-09-01 00:00:00","javascript","16760"
"2020-09-01 00:00:00","perl","166"
"2020-09-01 00:00:00","php","4767"
"2020-09-01 00:00:00","python","21720"
"2020-09-01 00:00:00","r","4753"
"2020-09-01 00:00:00","ruby","513"
"2020-09-01 00:00:00","swift","2556"
"2020-10-01 00:00:00","assembly","342"
"2020-10-01 00:00:00","c","2365"
"2020-10-01 00:00:00","c#","6185"
"2020-10-01 00:00:00","c++","4320"
"2020-10-01 00:00:00","delphi","180"
"2020-10-01 00:00:00","go","590"
"2020-10-01 00:00:00","java","8924"
"2020-10-01 00:00:00","javascript","16407"
"2020-10-01 00:00:00","perl","171"
"2020-10-01 00:00:00","php","4577"
"2020-10-01 00:00:00","python","22771"
"2020-10-01 00:00:00","r","5067"
"2020-10-01 00:00:00","ruby","491"
"2020-10-01 00:00:00","swift","2320"
"2020-11-01 00:00:00","assembly","375"
"2020-11-01 00:00:00","c","2694"
"2020-11-01 00:00:00","c#","5972"
"2020-11-01 00:00:00","c++","4316"
"2020-11-01 00:00:00","delphi","193"
"2020-11-01 00:00:00","go","526"
"2020-11-01 00:00:00","java","8468"
"2020-11-01 00:00:00","javascript","15505"
"2020-11-01 00:00:00","perl","150"
"2020-11-01 00:00:00","php","4606"
"2020-11-01 00:00:00","python","22153"
"2020-11-01 00:00:00","r","4801"
"2020-11-01 00:00:00","ruby","501"
"2020-11-01 00:00:00","swift","2159"
"2020-12-01 00:00:00","assembly","299"
"2020-12-01 00:00:00","c","2643"
"2020-12-01 00:00:00","c#","5728"
"2020-12-01 00:00:00","c++","4445"
"2020-12-01 00:00:00","delphi","190"
"2020-12-01 00:00:00","go","535"
"2020-12-01 00:00:00","java","7805"
"2020-12-01 00:00:00","javascript","16011"
"2020-12-01 00:00:00","perl","131"
"2020-12-01 00:00:00","php","4778"
"2020-12-01 00:00:00","python","22180"
"2020-12-01 00:00:00","r","4338"
"2020-12-01 00:00:00","ruby","500"
"2020-12-01 00:00:00","swift","2097"
"2021-01-01 00:00:00","assembly","308"
"2021-01-01 00:00:00","c","2568"
"2021-01-01 00:00:00","c#","6182"
"2021-01-01 00:00:00","c++","4102"
"2021-01-01 00:00:00","delphi","199"
"2021-01-01 00:00:00","go","567"
"2021-01-01 00:00:00","java","8018"
"2021-01-01 00:00:00","javascript","16862"
"2021-01-01 00:00:00","perl","145"
"2021-01-01 00:00:00","php","4741"
"2021-01-01 00:00:00","python","22868"
"2021-01-01 00:00:00","r","4339"
"2021-01-01 00:00:00","ruby","523"
"2021-01-01 00:00:00","swift","2315"
"2021-02-01 00:00:00","assembly","244"
"2021-02-01 00:00:00","c","2235"
"2021-02-01 00:00:00","c#","5791"
"2021-02-01 00:00:00","c++","4091"
"2021-02-01 00:00:00","delphi","187"
"2021-02-01 00:00:00","go","567"
"2021-02-01 00:00:00","java","7576"
"2021-02-01 00:00:00","javascript","15260"
"2021-02-01 00:00:00","perl","133"
"2021-02-01 00:00:00","php","4362"
"2021-02-01 00:00:00","python","21398"
"2021-02-01 00:00:00","r","4325"
"2021-02-01 00:00:00","ruby","530"
"2021-02-01 00:00:00","swift","2257"
"2021-03-01 00:00:00","assembly","320"
"2021-03-01 00:00:00","c","2483"
"2021-03-01 00:00:00","c#","6387"
"2021-03-01 00:00:00","c++","4295"
"2021-03-01 00:00:00","delphi","255"
"2021-03-01 00:00:00","go","758"
"2021-03-01 00:00:00","java","8658"
"2021-03-01 00:00:00","javascript","16759"
"2021-03-01 00:00:00","perl","152"
"2021-03-01 00:00:00","php","4739"
"2021-03-01 00:00:00","python","23899"
"2021-03-01 00:00:00","r","5173"
"2021-03-01 00:00:00","ruby","497"
"2021-03-01 00:00:00","swift","2378"
"2021-04-01 00:00:00","assembly","320"
"2021-04-01 00:00:00","c","2297"
"2021-04-01 00:00:00","c#","5897"
"2021-04-01 00:00:00","c++","3936"
"2021-04-01 00:00:00","delphi","171"
"2021-04-01 00:00:00","go","626"
"2021-04-01 00:00:00","java","7912"
"2021-04-01 00:00:00","javascript","15844"
"2021-04-01 00:00:00","perl","136"
"2021-04-01 00:00:00","php","4313"
"2021-04-01 00:00:00","python","22681"
"2021-04-01 00:00:00","r","4796"
"2021-04-01 00:00:00","ruby","518"
"2021-04-01 00:00:00","swift","2110"
"2021-05-01 00:00:00","assembly","300"
"2021-05-01 00:00:00","c","2088"
"2021-05-01 00:00:00","c#","5729"
"2021-05-01 00:00:00","c++","4186"
"2021-05-01 00:00:00","delphi","169"
"2021-05-01 00:00:00","go","642"
"2021-05-01 00:00:00","java","7942"
"2021-05-01 00:00:00","javascript","15806"
"2021-05-01 00:00:00","perl","120"
"2021-05-01 00:00:00","php","4242"
"2021-05-01 00:00:00","python","22412"
"2021-05-01 00:00:00","r","4666"
"2021-05-01 00:00:00","ruby","400"
"2021-05-01 00:00:00","swift","1860"
"2021-06-01 00:00:00","assembly","260"
"2021-06-01 00:00:00","c","1867"
"2021-06-01 00:00:00","c#","5621"
"2021-06-01 00:00:00","c++","3820"
"2021-06-01 00:00:00","delphi","125"
"2021-06-01 00:00:00","go","608"
"2021-06-01 00:00:00","java","7579"
"2021-06-01 00:00:00","javascript","14990"
"2021-06-01 00:00:00","perl","154"
"2021-06-01 00:00:00","php","4069"
"2021-06-01 00:00:00","python","20884"
"2021-06-01 00:00:00","r","4282"
"2021-06-01 00:00:00","ruby","419"
"2021-06-01 00:00:00","swift","1791"
"2021-07-01 00:00:00","assembly","182"
"2021-07-01 00:00:00","c","1618"
"2021-07-01 00:00:00","c#","5201"
"2021-07-01 00:00:00","c++","3499"
"2021-07-01 00:00:00","delphi","140"
"2021-07-01 00:00:00","go","603"
"2021-07-01 00:00:00","java","6941"
"2021-07-01 00:00:00","javascript","14746"
"2021-07-01 00:00:00","perl","138"
"2021-07-01 00:00:00","php","3877"
"2021-07-01 00:00:00","python","20575"
"2021-07-01 00:00:00","r","4044"
"2021-07-01 00:00:00","ruby","445"
"2021-07-01 00:00:00","swift","1967"
"2021-08-01 00:00:00","assembly","162"
"2021-08-01 00:00:00","c","1530"
"2021-08-01 00:00:00","c#","5108"
"2021-08-01 00:00:00","c++","3240"
"2021-08-01 00:00:00","delphi","136"
"2021-08-01 00:00:00","go","745"
"2021-08-01 00:00:00","java","6749"
"2021-08-01 00:00:00","javascript","14626"
"2021-08-01 00:00:00","perl","118"
"2021-08-01 00:00:00","php","3858"
"2021-08-01 00:00:00","python","19820"
"2021-08-01 00:00:00","r","4030"
"2021-08-01 00:00:00","ruby","445"
"2021-08-01 00:00:00","swift","1891"
"2021-09-01 00:00:00","assembly","193"
"2021-09-01 00:00:00","c","1701"
"2021-09-01 00:00:00","c#","5052"
"2021-09-01 00:00:00","c++","3595"
"2021-09-01 00:00:00","delphi","134"
"2021-09-01 00:00:00","go","620"
"2021-09-01 00:00:00","java","6600"
"2021-09-01 00:00:00","javascript","14406"
"2021-09-01 00:00:00","perl","113"
"2021-09-01 00:00:00","php","3678"
"2021-09-01 00:00:00","python","19015"
"2021-09-01 00:00:00","r","3900"
"2021-09-01 00:00:00","ruby","446"
"2021-09-01 00:00:00","swift","1622"
"2021-10-01 00:00:00","assembly","203"
"2021-10-01 00:00:00","c","2090"
"2021-10-01 00:00:00","c#","5276"
"2021-10-01 00:00:00","c++","3718"
"2021-10-01 00:00:00","delphi","143"
"2021-10-01 00:00:00","go","699"
"2021-10-01 00:00:00","java","6564"
"2021-10-01 00:00:00","javascript","13818"
"2021-10-01 00:00:00","perl","127"
"2021-10-01 00:00:00","php","3578"
"2021-10-01 00:00:00","python","19790"
"2021-10-01 00:00:00","r","4173"
"2021-10-01 00:00:00","ruby","414"
"2021-10-01 00:00:00","swift","1565"
"2021-11-01 00:00:00","assembly","288"
"2021-11-01 00:00:00","c","2207"
"2021-11-01 00:00:00","c#","5593"
"2021-11-01 00:00:00","c++","3817"
"2021-11-01 00:00:00","delphi","140"
"2021-11-01 00:00:00","go","653"
"2021-11-01 00:00:00","java","6905"
"2021-11-01 00:00:00","javascript","13490"
"2021-11-01 00:00:00","perl","78"
"2021-11-01 00:00:00","php","3490"
"2021-11-01 00:00:00","python","20048"
"2021-11-01 00:00:00","r","4027"
"2021-11-01 00:00:00","ruby","393"
"2021-11-01 00:00:00","swift","1534"
"2021-12-01 00:00:00","assembly","266"
"2021-12-01 00:00:00","c","2103"
"2021-12-01 00:00:00","c#","5030"
"2021-12-01 00:00:00","c++","3577"
"2021-12-01 00:00:00","delphi","143"
"2021-12-01 00:00:00","go","725"
"2021-12-01 00:00:00","java","6182"
"2021-12-01 00:00:00","javascript","13081"
"2021-12-01 00:00:00","perl","103"
"2021-12-01 00:00:00","php","3240"
"2021-12-01 00:00:00","python","19050"
"2021-12-01 00:00:00","r","3539"
"2021-12-01 00:00:00","ruby","373"
"2021-12-01 00:00:00","swift","1425"
"2022-01-01 00:00:00","assembly","229"
"2022-01-01 00:00:00","c","1957"
"2022-01-01 00:00:00","c#","5273"
"2022-01-01 00:00:00","c++","3611"
"2022-01-01 00:00:00","delphi","135"
"2022-01-01 00:00:00","go","739"
"2022-01-01 00:00:00","java","6453"
"2022-01-01 00:00:00","javascript","14000"
"2022-01-01 00:00:00","perl","128"
"2022-01-01 00:00:00","php","3390"
"2022-01-01 00:00:00","python","19731"
"2022-01-01 00:00:00","r","3843"
"2022-01-01 00:00:00","ruby","443"
"2022-01-01 00:00:00","swift","1731"
"2022-02-01 00:00:00","assembly","214"
"2022-02-01 00:00:00","c","1680"
"2022-02-01 00:00:00","c#","5109"
"2022-02-01 00:00:00","c++","3199"
"2022-02-01 00:00:00","delphi","167"
"2022-02-01 00:00:00","go","647"
"2022-02-01 00:00:00","java","5945"
"2022-02-01 00:00:00","javascript","12836"
"2022-02-01 00:00:00","perl","96"
"2022-02-01 00:00:00","php","3115"
"2022-02-01 00:00:00","python","19294"
"2022-02-01 00:00:00","r","3913"
"2022-02-01 00:00:00","ruby","405"
"2022-02-01 00:00:00","swift","1605"
"2022-03-01 00:00:00","assembly","235"
"2022-03-01 00:00:00","c","1956"
"2022-03-01 00:00:00","c#","5685"
"2022-03-01 00:00:00","c++","3515"
"2022-03-01 00:00:00","delphi","120"
"2022-03-01 00:00:00","go","761"
"2022-03-01 00:00:00","java","6586"
"2022-03-01 00:00:00","javascript","13624"
"2022-03-01 00:00:00","perl","103"
"2022-03-01 00:00:00","php","3121"
"2022-03-01 00:00:00","python","20818"
"2022-03-01 00:00:00","r","4486"
"2022-03-01 00:00:00","ruby","444"
"2022-03-01 00:00:00","swift","1748"
"2022-04-01 00:00:00","assembly","246"
"2022-04-01 00:00:00","c","1747"
"2022-04-01 00:00:00","c#","5215"
"2022-04-01 00:00:00","c++","3504"
"2022-04-01 00:00:00","delphi","114"
"2022-04-01 00:00:00","go","716"
"2022-04-01 00:00:00","java","6404"
"2022-04-01 00:00:00","javascript","13520"
"2022-04-01 00:00:00","perl","100"
"2022-04-01 00:00:00","php","3194"
"2022-04-01 00:00:00","python","19942"
"2022-04-01 00:00:00","r","4185"
"2022-04-01 00:00:00","ruby","432"
"2022-04-01 00:00:00","swift","1459"
"2022-05-01 00:00:00","assembly","260"
"2022-05-01 00:00:00","c","1777"
"2022-05-01 00:00:00","c#","5513"
"2022-05-01 00:00:00","c++","3553"
"2022-05-01 00:00:00","delphi","119"
"2022-05-01 00:00:00","go","610"
"2022-05-01 00:00:00","java","6506"
"2022-05-01 00:00:00","javascript","13392"
"2022-05-01 00:00:00","perl","92"
"2022-05-01 00:00:00","php","3389"
"2022-05-01 00:00:00","python","19526"
"2022-05-01 00:00:00","r","4144"
"2022-05-01 00:00:00","ruby","439"
"2022-05-01 00:00:00","swift","1474"
"2022-06-01 00:00:00","assembly","242"
"2022-06-01 00:00:00","c","1564"
"2022-06-01 00:00:00","c#","5322"
"2022-06-01 00:00:00","c++","3107"
"2022-06-01 00:00:00","delphi","112"
"2022-06-01 00:00:00","go","682"
"2022-06-01 00:00:00","java","5749"
"2022-06-01 00:00:00","javascript","12708"
"2022-06-01 00:00:00","perl","123"
"2022-06-01 00:00:00","php","3212"
"2022-06-01 00:00:00","python","18890"
"2022-06-01 00:00:00","r","3899"
"2022-06-01 00:00:00","ruby","428"
"2022-06-01 00:00:00","swift","1523"
"2022-07-01 00:00:00","assembly","204"
"2022-07-01 00:00:00","c","1404"
"2022-07-01 00:00:00","c#","5320"
"2022-07-01 00:00:00","c++","3038"
"2022-07-01 00:00:00","delphi","117"
"2022-07-01 00:00:00","go","690"
"2022-07-01 00:00:00","java","5517"
"2022-07-01 00:00:00","javascript","12998"
"2022-07-01 00:00:00","perl","126"
"2022-07-01 00:00:00","php","3159"
"2022-07-01 00:00:00","python","19398"
"2022-07-01 00:00:00","r","3711"
"2022-07-01 00:00:00","ruby","408"
"2022-07-01 00:00:00","swift","1496"
"2022-08-01 00:00:00","assembly","175"
"2022-08-01 00:00:00","c","1500"
"2022-08-01 00:00:00","c#","6287"
"2022-08-01 00:00:00","c++","3225"
"2022-08-01 00:00:00","delphi","133"
"2022-08-01 00:00:00","go","848"
"2022-08-01 00:00:00","java","6476"
"2022-08-01 00:00:00","javascript","15466"
"2022-08-01 00:00:00","perl","117"
"2022-08-01 00:00:00","php","3734"
"2022-08-01 00:00:00","python","21762"
"2022-08-01 00:00:00","r","4332"
"2022-08-01 00:00:00","ruby","477"
"2022-08-01 00:00:00","swift","1733"
"2022-09-01 00:00:00","assembly","188"
"2022-09-01 00:00:00","c","1632"
"2022-09-01 00:00:00","c#","5659"
"2022-09-01 00:00:00","c++","3061"
"2022-09-01 00:00:00","delphi","146"
"2022-09-01 00:00:00","go","837"
"2022-09-01 00:00:00","java","6161"
"2022-09-01 00:00:00","javascript","14075"
"2022-09-01 00:00:00","perl","82"
"2022-09-01 00:00:00","php","3332"
"2022-09-01 00:00:00","python","19935"
"2022-09-01 00:00:00","r","4009"
"2022-09-01 00:00:00","ruby","473"
"2022-09-01 00:00:00","swift","1776"
"2022-10-01 00:00:00","assembly","241"
"2022-10-01 00:00:00","c","1998"
"2022-10-01 00:00:00","c#","5774"
"2022-10-01 00:00:00","c++","3185"
"2022-10-01 00:00:00","delphi","153"
"2022-10-01 00:00:00","go","736"
"2022-10-01 00:00:00","java","6459"
"2022-10-01 00:00:00","javascript","14012"
"2022-10-01 00:00:00","perl","82"
"2022-10-01 00:00:00","php","3347"
"2022-10-01 00:00:00","python","21938"
"2022-10-01 00:00:00","r","4530"
"2022-10-01 00:00:00","ruby","434"
"2022-10-01 00:00:00","swift","1618"
"2022-11-01 00:00:00","assembly","287"
"2022-11-01 00:00:00","c","2171"
"2022-11-01 00:00:00","c#","5999"
"2022-11-01 00:00:00","c++","3284"
"2022-11-01 00:00:00","delphi","115"
"2022-11-01 00:00:00","go","751"
"2022-11-01 00:00:00","java","6769"
"2022-11-01 00:00:00","javascript","14305"
"2022-11-01 00:00:00","perl","110"
"2022-11-01 00:00:00","php","3352"
"2022-11-01 00:00:00","python","22794"
"2022-11-01 00:00:00","r","4621"
"2022-11-01 00:00:00","ruby","464"
"2022-11-01 00:00:00","swift","1667"
"2022-12-01 00:00:00","assembly","283"
"2022-12-01 00:00:00","c","1851"
"2022-12-01 00:00:00","c#","5319"
"2022-12-01 00:00:00","c++","2852"
"2022-12-01 00:00:00","delphi","86"
"2022-12-01 00:00:00","go","627"
"2022-12-01 00:00:00","java","5955"
"2022-12-01 00:00:00","javascript","12502"
"2022-12-01 00:00:00","perl","95"
"2022-12-01 00:00:00","php","2875"
"2022-12-01 00:00:00","python","19277"
"2022-12-01 00:00:00","r","3680"
"2022-12-01 00:00:00","ruby","393"
"2022-12-01 00:00:00","swift","1464"
"2023-01-01 00:00:00","assembly","239"
"2023-01-01 00:00:00","c","1510"
"2023-01-01 00:00:00","c#","5361"
"2023-01-01 00:00:00","c++","2650"
"2023-01-01 00:00:00","delphi","114"
"2023-01-01 00:00:00","go","733"
"2023-01-01 00:00:00","java","5750"
"2023-01-01 00:00:00","javascript","12214"
"2023-01-01 00:00:00","perl","75"
"2023-01-01 00:00:00","php","3066"
"2023-01-01 00:00:00","python","18003"
"2023-01-01 00:00:00","r","3750"
"2023-01-01 00:00:00","ruby","373"
"2023-01-01 00:00:00","swift","1441"
"2023-02-01 00:00:00","assembly","188"
"2023-02-01 00:00:00","c","1309"
"2023-02-01 00:00:00","c#","4763"
"2023-02-01 00:00:00","c++","2219"
"2023-02-01 00:00:00","delphi","133"
"2023-02-01 00:00:00","go","659"
"2023-02-01 00:00:00","java","5189"
"2023-02-01 00:00:00","javascript","10449"
"2023-02-01 00:00:00","perl","79"
"2023-02-01 00:00:00","php","2427"
"2023-02-01 00:00:00","python","15717"
"2023-02-01 00:00:00","r","3803"
"2023-02-01 00:00:00","ruby","340"
"2023-02-01 00:00:00","swift","1296"
"2023-03-01 00:00:00","assembly","180"
"2023-03-01 00:00:00","c","1265"
"2023-03-01 00:00:00","c#","4910"
"2023-03-01 00:00:00","c++","2572"
"2023-03-01 00:00:00","delphi","143"
"2023-03-01 00:00:00","go","639"
"2023-03-01 00:00:00","java","5538"
"2023-03-01 00:00:00","javascript","10541"
"2023-03-01 00:00:00","perl","95"
"2023-03-01 00:00:00","php","2282"
"2023-03-01 00:00:00","python","15565"
"2023-03-01 00:00:00","r","3832"
"2023-03-01 00:00:00","ruby","301"
"2023-03-01 00:00:00","swift","1367"
"2023-04-01 00:00:00","assembly","197"
"2023-04-01 00:00:00","c","1190"
"2023-04-01 00:00:00","c#","3850"
"2023-04-01 00:00:00","c++","1967"
"2023-04-01 00:00:00","delphi","121"
"2023-04-01 00:00:00","go","516"
"2023-04-01 00:00:00","java","4498"
"2023-04-01 00:00:00","javascript","8317"
"2023-04-01 00:00:00","perl","56"
"2023-04-01 00:00:00","php","1944"
"2023-04-01 00:00:00","python","12447"
"2023-04-01 00:00:00","r","3107"
"2023-04-01 00:00:00","ruby","220"
"2023-04-01 00:00:00","swift","1098"
"2023-05-01 00:00:00","assembly","176"
"2023-05-01 00:00:00","c","1051"
"2023-05-01 00:00:00","c#","3848"
"2023-05-01 00:00:00","c++","1785"
"2023-05-01 00:00:00","delphi","115"
"2023-05-01 00:00:00","go","427"
"2023-05-01 00:00:00","java","4201"
"2023-05-01 00:00:00","javascript","7810"
"2023-05-01 00:00:00","perl","54"
"2023-05-01 00:00:00","php","1977"
"2023-05-01 00:00:00","python","11835"
"2023-05-01 00:00:00","r","2867"
"2023-05-01 00:00:00","ruby","256"
"2023-05-01 00:00:00","swift","1003"
"2023-06-01 00:00:00","assembly","157"
"2023-06-01 00:00:00","c","899"
"2023-06-01 00:00:00","c#","3867"
"2023-06-01 00:00:00","c++","1851"
"2023-06-01 00:00:00","delphi","118"
"2023-06-01 00:00:00","go","529"
"2023-06-01 00:00:00","java","4379"
"2023-06-01 00:00:00","javascript","7636"
"2023-06-01 00:00:00","perl","54"
"2023-06-01 00:00:00","php","1937"
"2023-06-01 00:00:00","python","11455"
"2023-06-01 00:00:00","r","2685"
"2023-06-01 00:00:00","ruby","228"
"2023-06-01 00:00:00","swift","1145"